회사,표준산업분류,연혁,매출액,기업유형,평균연봉,홈페이지,고용보험 사업장 수,고용보험 가입 사원수,국민연금 가입 사원수,퇴사/입사 (1년)
레브잇,시스템ㆍ응용 소프트웨어 개발 및 공급업,3년 (2021년 설립),"2억 1,026만원",주식회사,"5,246만원",-,2개,33명,71명,75명/110명
두잇,소화물 전문 운송업,2년 (2022년 설립),-,주식회사,"4,604만원",-,1개,0명,57명,46명/67명
짐캐리,그 외 기타 분류 안된 개인 서비스업,6년 (2018년 설립),-,주식회사,"3,028만원",-,1개,83명,110명,53명/70명
버킷플레이스,그 외 기타 정보 서비스업,10년 (2014년 설립),"1,176억 2,630만원",주식회사,"6,032만원",-,1개,544명,655명,221명/235명
채널코퍼레이션,시스템ㆍ응용 소프트웨어 개발 및 공급업,10년 (2014년 설립),"70억 7,265만원",주식회사,"6,032만원",-,1개,133명,179명,66명/105명
요헤미티,식료품 소매업,3년 (2021년 설립),-,주식회사,"4,431만원",-,1개,6명,7명,0명/0명
메디허브,경영 컨설팅 및 공공 관계 서비스업,2년 (2022년 설립),-,주식회사,"4,594만원",-,1개,8명,8명,7명/6명
에이블리코퍼레이션,의복 소매업,9년 (2015년 설립),"934억 7,770만원",주식회사,"5,394만원",-,1개,309명,307명,105명/119명
룩인사이트,시스템ㆍ응용 소프트웨어 개발 및 공급업,5년 (2019년 설립),-,주식회사,"3,416만원",-,1개,1명,5명,6명/6명
바크,통신 판매업,2년 (2022년 설립),-,주식회사,"3,377만원",-,1개,1명,8명,4명/10명
콘스탄트,"의약품, 의료용품 및 화장품 도매업",4년 (2020년 설립),"5억 6,081만원",주식회사,"3,382만원",-,1개,15명,25명,16명/27명
뤼튼테크놀로지스,시스템ㆍ응용 소프트웨어 개발 및 공급업,3년 (2021년 설립),-,주식회사,"5,473만원",-,1개,51명,95명,41명/72명
바로팜,시스템ㆍ응용 소프트웨어 개발 및 공급업,4년 (2020년 설립),"2억 6,529만원",주식회사,"5,226만원",-,1개,45명,55명,35명/43명
인테이크,그 외 기타 종합 소매업,11년 (2013년 설립),125억 21만원,주식회사,"5,051만원",-,1개,42명,41명,17명/16명
해빗팩토리,시스템ㆍ응용 소프트웨어 개발 및 공급업,8년 (2016년 설립),"3억 9,077만원",,"5,047만원",https://habitfactory.co/,1개,16명,,
더휴식,일반 및 생활 숙박시설 운영업,3년 (2021년 설립),-,,-,-,1개,4명,,
트웰브랩스,시스템ㆍ응용 소프트웨어 개발 및 공급업,4년 (2020년 설립),-,기타 법인,"5,882만원",-,1개,14명,37명,9명/20명
컬리,산업용 농ㆍ축산물 및 동ㆍ식물 도매업,10년 (2014년 설립),"1조 5,579억 5,521만원",주식회사,"4,164만원",www.kurly.com,1개,"4,678명","2,650명","1,369명/1,317명"
스플랩,시스템ㆍ응용 소프트웨어 개발 및 공급업,2년 (2022년 설립),-,,-,-,1개,1명,,
핀테크,시스템ㆍ응용 소프트웨어 개발 및 공급업,8년 (2016년 설립),36억 705만원,,"4,690만원",-,1개,38명,,
마이리얼트립,여행사업,11년 (2013년 설립),44억 552만원,주식회사,"6,032만원",www.myrealtrip.com,1개,297명,257명,145명/113명
펫팜,시스템ㆍ응용 소프트웨어 개발 및 공급업,4년 (2020년 설립),"10억 4,827만원",주식회사,"3,871만원",-,1개,15명,26명,13명/20명
참약사,경영 컨설팅 및 공공 관계 서비스업,5년 (2019년 설립),"14억 2,693만원",주식회사,"4,925만원",-,1개,53명,57명,24명/35명
당근마켓,소화물 전문 운송업,9년 (2015년 설립),"256억 7,259만원",주식회사,"6,032만원",-,2개,374명,489명,127명/214명
매스프레소,게임 소프트웨어 개발 및 공급업,9년 (2015년 설립),"18억 6,805만원",주식회사,"5,607만원",-,1개,156명,139명,80명/86명
노타,시스템ㆍ응용 소프트웨어 개발 및 공급업,9년 (2015년 설립),"4억 8,165만원",기타 법인,"5,812만원",-,1개,82명,97명,20명/27명
무신사,사무 지원 서비스업,12년 (2012년 설립),"4,024억 4,065만원",주식회사,"5,917만원",-,2개,"1,500명","1,477명",518명/441명
크리에이트립,통신 판매업,8년 (2016년 설립),25억 744만원,주식회사,"4,552만원",-,1개,54명,58명,22명/15명
디웨일,시스템ㆍ응용 소프트웨어 개발 및 공급업,7년 (2017년 설립),316만원,,0만원,-,1개,5명,,
메딜리티,시스템ㆍ응용 소프트웨어 개발 및 공급업,4년 (2020년 설립),-,,"5,852만원",-,1개,8명,,
클래스101,시스템ㆍ응용 소프트웨어 개발 및 공급업,9년 (2015년 설립),866억 38만원,,0만원,-,1개,338명,,
뤼이드,시스템ㆍ응용 소프트웨어 개발 및 공급업,10년 (2014년 설립),"52억 9,060만원",주식회사,"5,515만원",-,1개,135명,61명,106명/34명
힐링페이퍼,시스템ㆍ응용 소프트웨어 개발 및 공급업,11년 (2013년 설립),"158억 6,042만원",주식회사,"6,032만원",-,1개,115명,134명,38명/63명
라포랩스,시스템ㆍ응용 소프트웨어 개발 및 공급업,4년 (2020년 설립),"106억 1,401만원",주식회사,"5,438만원",-,1개,146명,156명,65명/70명
와드,시스템ㆍ응용 소프트웨어 개발 및 공급업,8년 (2016년 설립),"9억 4,719만원",주식회사,"5,175만원",-,1개,92명,190명,71명/97명
블리몽키즈,시스템ㆍ응용 소프트웨어 개발 및 공급업,5년 (2019년 설립),-,기타 법인,"4,635만원",-,1개,9명,25명,6명/15명
팀스파르타,교육 지원 서비스업,4년 (2020년 설립),"76억 5,133만원",주식회사,"3,395만원",https://spartacodingclub.kr/,1개,62명,197명,99명/143명
와이즐리컴퍼니,"날붙이, 수공구 및 일반 철물 제조업",6년 (2018년 설립),"108억 8,972만원",주식회사,"4,936만원",-,1개,36명,53명,35명/50명
마카롱팩토리,포털 및 기타 인터넷 정보 매개 서비스업,9년 (2015년 설립),"38억 7,301만원",주식회사,"4,403만원",-,1개,29명,47명,31명/49명
트래블월렛,시스템ㆍ응용 소프트웨어 개발 및 공급업,7년 (2017년 설립),"8억 2,457만원",주식회사,"5,932만원",-,1개,63명,94명,25명/56명
뱅크샐러드,시스템ㆍ응용 소프트웨어 개발 및 공급업,12년 (2012년 설립),"34억 2,596만원",주식회사,"6,032만원",https://career.banksalad.com/,1개,140명,132명,46명/49명
아이트럭,포털 및 기타 인터넷 정보 매개 서비스업,4년 (2020년 설립),-,주식회사,"4,228만원",-,1개,14명,19명,16명/20명
플렉스,기타 정보 기술 및 컴퓨터 운영 관련 서비스업,5년 (2019년 설립),-,주식회사,"4,616만원",-,1개,50명,67명,28명/51명
비바리퍼블리카,일반은행,4년 (2020년 설립),-,기타 법인,"6,032만원",-,1개,456명,596명,80명/213명
마인이스,통신 판매업,2년 (2022년 설립),-,주식회사,"3,748만원",-,1개,20명,78명,22명/72명
헬스포트,시스템ㆍ응용 소프트웨어 개발 및 공급업,5년 (2019년 설립),-,기타 법인,"4,033만원",-,1개,17명,25명,19명/15명
백패커,시스템ㆍ응용 소프트웨어 개발 및 공급업,10년 (2014년 설립),"515억 8,055만원",주식회사,"4,944만원",-,1개,253명,181명,155명/59명
의식주컴퍼니,세탁업,6년 (2018년 설립),"130억 2,390만원",주식회사,"3,765만원",-,1개,704명,529명,462명/416명
야놀자,"도장, 도배 및 내장 공사업",17년 (2007년 설립),"2,809억 1,004만원",주식회사,"9,377만원",www.yanolja.com,1개,1명,903명,447명/236명
화이트큐브,그 외 기타 정보 서비스업,6년 (2018년 설립),"57억 2,000만원",주식회사,"5,127만원",https://chlngers.com/,1개,28명,30명,21명/30명
휴베이스,경영 컨설팅 및 공공 관계 서비스업,10년 (2014년 설립),-,유한회사,"5,181만원",-,1개,13명,20명,4명/4명
문토,기타 창작 및 예술관련 서비스업,5년 (2019년 설립),"3억 1,952만원",,"3,656만원",-,1개,12명,,
트릿지,시스템ㆍ응용 소프트웨어 개발 및 공급업,8년 (2016년 설립),"265억 2,790만원",주식회사,"5,146만원",-,1개,200명,153명,116명/57명
딥다이브,통신 판매업,2년 (2022년 설립),"1억 6,936만원",주식회사,"4,495만원",-,1개,0명,72명,26명/63명
한국신용데이터,시스템ㆍ응용 소프트웨어 개발 및 공급업,8년 (2016년 설립),"39억 4,920만원",주식회사,"6,032만원",-,1개,102명,182명,42명/87명
넥스트그라운드,시스템ㆍ응용 소프트웨어 개발 및 공급업,3년 (2021년 설립),비공개,주식회사,비공개,-,1개,비공개,비공개,비공개
미리디,인쇄관련 산업,16년 (2008년 설립),"193억 1,884만원",주식회사,"4,849만원",-,1개,260명,353명,107명/206명
달파,육류 가공 및 저장 처리업,5년 (2019년 설립),-,기타 법인,"3,148만원",-,1개,26명,27명,3명/2명
번개장터,게임 소프트웨어 개발 및 공급업,13년 (2011년 설립),"249억 5,727만원",주식회사,"5,399만원",-,1개,197명,186명,87명/86명
업스테이지,시스템ㆍ응용 소프트웨어 개발 및 공급업,4년 (2020년 설립),"58억 1,988만원",주식회사,"6,032만원",-,1개,137명,139명,32명/41명
핏펫,시스템ㆍ응용 소프트웨어 개발 및 공급업,7년 (2017년 설립),"223억 4,887만원",주식회사,"5,142만원",-,1개,175명,88명,57명/35명
데일리샷,통신 판매업,6년 (2018년 설립),"4억 3,256만원",주식회사,"4,965만원",-,1개,35명,39명,5명/9명
브레이브모바일,시스템ㆍ응용 소프트웨어 개발 및 공급업,10년 (2014년 설립),"151억 8,164만원",주식회사,"5,235만원",-,1개,117명,122명,50명/51명
자비스앤빌런즈,시스템ㆍ응용 소프트웨어 개발 및 공급업,9년 (2015년 설립),"313억 5,932만원",주식회사,"6,032만원",-,1개,113명,175명,65명/86명
티오더,시스템ㆍ응용 소프트웨어 개발 및 공급업,8년 (2016년 설립),-,,"4,627만원",-,1개,14명,,
발란,통신 판매업,9년 (2015년 설립),"521억 7,961만원",주식회사,"5,286만원",-,1개,112명,53명,48명/30명
데이원컴퍼니,교육 지원 서비스업,7년 (2017년 설립),"849억 7,387만원",주식회사,"4,212만원",-,1개,445명,475명,302명/380명
스테이폴리오,기타 여행 보조 및 예약 서비스업,9년 (2015년 설립),"34억 8,888만원",주식회사,"3,960만원",-,1개,57명,43명,30명/12명
모두싸인,시스템ㆍ응용 소프트웨어 개발 및 공급업,9년 (2015년 설립),비공개,주식회사,"5,611만원",https://modusign.co.kr/,1개,67명,77명,19명/21명
프리윌린,시스템ㆍ응용 소프트웨어 개발 및 공급업,7년 (2017년 설립),비공개,주식회사,"4,847만원",https://freewheelin-recruit.oopy.io/,1개,0명,130명,44명/69명
보이저엑스,시스템ㆍ응용 소프트웨어 개발 및 공급업,7년 (2017년 설립),"8억 3,883만원",주식회사,"5,095만원",-,1개,57명,64명,32명/33명
우아한형제들,시스템ㆍ응용 소프트웨어 개발 및 공급업,13년 (2011년 설립),"2조 291억 6,836만원",주식회사,"6,082만원",-,2개,"2,178명","2,227명",312명/392명
이그니스,가공식품 도매업,9년 (2015년 설립),"145억 8,508만원",주식회사,"5,280만원",-,1개,84명,123명,62명/95명
필라이즈,그 외 기타 정보 서비스업,3년 (2021년 설립),-,주식회사,"5,852만원",-,1개,9명,16명,0명/5명
페이히어,시스템ㆍ응용 소프트웨어 개발 및 공급업,5년 (2019년 설립),"13억 9,192만원",기타 법인,"4,131만원",-,1개,178명,248명,131명/189명
두들린,,,,,,,,,,
비바이노베이션,시스템ㆍ응용 소프트웨어 개발 및 공급업,6년 (2018년 설립),"11억 5,497만원",주식회사,"4,725만원",-,1개,38명,41명,9명/14명
아토머스,"자료 처리, 호스팅 및 관련 서비스업",8년 (2016년 설립),"22억 1,570만원",주식회사,"3,763만원",-,1개,87명,80명,70명/56명
로앤컴퍼니,경영 컨설팅 및 공공 관계 서비스업,12년 (2012년 설립),41억 322만원,주식회사,"5,884만원",-,1개,59명,55명,17명/22명
아이헤이트플라잉버그스,일반 교습학원,12년 (2012년 설립),비공개,주식회사,비공개,https://careers.mildang.kr/,1개,439명,545명,238명/349명
드라마앤컴퍼니,시스템ㆍ응용 소프트웨어 개발 및 공급업,12년 (2012년 설립),"57억 9,914만원",주식회사,"5,551만원",-,1개,155명,236명,77명/157명
데이터라이즈,시스템ㆍ응용 소프트웨어 개발 및 공급업,5년 (2019년 설립),"3억 8,762만원",주식회사,"5,882만원",-,1개,31명,44명,17명/12명
크림,시스템ㆍ응용 소프트웨어 개발 및 공급업,3년 (2021년 설립),"32억 8,494만원",주식회사,"5,587만원",-,1개,74명,187명,142명/174명
페이타랩,시스템ㆍ응용 소프트웨어 개발 및 공급업,6년 (2018년 설립),비공개,주식회사,비공개,https://recruit.passorder.co.kr/,1개,47명,67명,18명/23명
월급쟁이부자들,그 외 기타 교육기관,6년 (2018년 설립),"118억 3,618만원",주식회사,"5,677만원",https://career.weolbu.com,1개,63명,78명,55명/71명
글로랑,교육 지원 서비스업,6년 (2018년 설립),"16억 1,721만원",주식회사,"4,319만원",-,1개,56명,52명,40명/38명
라포테이블,시스템ㆍ응용 소프트웨어 개발 및 공급업,2년 (2022년 설립),-,,-,-,1개,15명,,
버핏서울,기타 스포츠 서비스업,6년 (2018년 설립),"126억 2,586만원",주식회사,비공개,team.butfitseoul.com,1개,47명,88명,42명/55명
인티그레이션,통신 판매업,5년 (2019년 설립),비공개,주식회사,비공개,https://careers.medistream.co.kr/,1개,비공개,비공개,비공개
캐비지,통신 판매업,3년 (2021년 설립),"4억 8,347만원",주식회사,"3,497만원",-,1개,34명,19명,21명/16명
쏘카,자동차 임대업,13년 (2011년 설립),"2,849억 5,380만원",주식회사,"5,833만원",www.socarcorp.kr,1개,432명,444명,119명/140명
펫프렌즈,그 외 기타 상품 전문 소매업,9년 (2015년 설립),"610억 1,291만원",주식회사,"5,122만원",-,1개,129명,118명,50명/42명
리디,컴퓨터 프로그래밍 서비스업,16년 (2008년 설립),"1,990억 7,316만원",주식회사,"5,381만원",-,2개,681명,436명,140명/81명
크몽,시스템ㆍ응용 소프트웨어 개발 및 공급업,12년 (2012년 설립),"176억 6,481만원",주식회사,비공개,https://kmong.com/,1개,0명,141명,61명/58명
아우름플래닛,게임 소프트웨어 개발 및 공급업,11년 (2013년 설립),"3억 3,943만원",주식회사,"5,853만원",-,1개,29명,39명,9명/20명
인프랩,시스템ㆍ응용 소프트웨어 개발 및 공급업,7년 (2017년 설립),"128억 5,334만원",주식회사,"5,713만원",-,1개,63명,73명,13명/22명
케어닥,그 외 기타 정보 서비스업,6년 (2018년 설립),비공개,주식회사,비공개,https://carecoordi.kr/,1개,82명,62명,58명/40명
쿠팡,통신 판매업,3년 (2021년 설립),"20조 3,634억 9,800만원",주식회사,"5,088만원",-,1개,0명,"10,985명","3,693명/5,545명"
인터스텔라,,,,,,,,,,
고이장례연구소,장례식장 및 관련 서비스업,3년 (2021년 설립),-,,"3,889만원",-,1개,7명,,
뉴넥스,시스템ㆍ응용 소프트웨어 개발 및 공급업,10년 (2014년 설립),"1,261억 9,314만원",주식회사,"4,368만원",-,1개,444명,140명,81명/42명
브레인커머스,그 외 기타 정보 서비스업,11년 (2013년 설립),"92억 7,951만원",주식회사,"5,091만원",-,1개,85명,123명,45명/52명
스페이스브이,시스템ㆍ응용 소프트웨어 개발 및 공급업,6년 (2018년 설립),-,주식회사,"4,669만원",-,1개,13명,23명,10명/20명
지바이크,스포츠 및 레크리에이션 용품 임대업,7년 (2017년 설립),"335억 3,481만원",주식회사,"3,475만원",-,1개,282명,361명,154명/226명
데일리페이,그 외 기타 정보 서비스업,0년 (2024년 설립),-,주식회사,"5,852만원",-,1개,1명,7명,0명/7명
스칼라데이터,자동차 신품 부품 및 내장품 판매업,5년 (2019년 설립),비공개,,비공개,https://evmodu.kr/,1개,21명,,
넛지헬스케어,시스템ㆍ응용 소프트웨어 개발 및 공급업,7년 (2017년 설립),"463억 3,344만원",주식회사,"4,103만원",-,1개,168명,225명,125명/168명
그래비티랩스,시스템ㆍ응용 소프트웨어 개발 및 공급업,2년 (2022년 설립),비공개,기타 법인,비공개,https://gravitylabs.career.greetinghr.com/,1개,비공개,비공개,비공개
핀다,그 외 기타 정보 서비스업,9년 (2015년 설립),297억 665만원,주식회사,"5,771만원",-,1개,110명,114명,62명/48명
버드뷰,게임 소프트웨어 개발 및 공급업,10년 (2014년 설립),"156억 7,052만원",주식회사,"6,032만원",-,1개,214명,146명,109명/26명
엘박스,기타 정보 기술 및 컴퓨터 운영 관련 서비스업,5년 (2019년 설립),"2,154만원",,"5,303만원",-,1개,12명,,
어글리랩,"지정 외 폐기물 수집, 운반업",3년 (2021년 설립),-,주식회사,"3,211만원",-,1개,24명,32명,23명/36명
왓타임,그 외 기타 정보 서비스업,2년 (2022년 설립),-,주식회사,"4,444만원",-,1개,4명,11명,4명/10명
마야크루,광고 대행업,8년 (2016년 설립),비공개,,비공개,www.superchart.com,1개,비공개,,
티몬,그 외 기타 사업 지원 서비스업,14년 (2010년 설립),"1,290억 8,939만원",주식회사,"3,073만원",-,1개,514명,372명,467명/256명
타임앤코,그 외 기타 정보 서비스업,3년 (2021년 설립),-,,"4,595만원",-,1개,13명,,
아이브,시스템ㆍ응용 소프트웨어 개발 및 공급업,4년 (2020년 설립),"4억 5,331만원",기타 법인,"5,763만원",-,1개,57명,67명,11명/16명
라이언로켓,시스템ㆍ응용 소프트웨어 개발 및 공급업,5년 (2019년 설립),"6억 7,157만원",주식회사,"4,196만원",-,1개,36명,31명,16명/28명
알고케어,자연과학 연구개발업,5년 (2019년 설립),-,,"5,376만원",-,1개,27명,,
젠테,"가방, 시계, 안경 및 기타 생활용품 도매업",4년 (2020년 설립),"131억 9,340만원",주식회사,"3,509만원",-,1개,57명,77명,47명/50명
피카디,시스템ㆍ응용 소프트웨어 개발 및 공급업,1년 (2023년 설립),-,주식회사,"2,868만원",-,1개,1명,4명,2명/1명
브라이트에너지파트너스,발전업,6년 (2018년 설립),"46억 4,499만원",주식회사,"5,932만원",-,1개,26명,83명,7명/36명
인터엑스,시스템ㆍ응용 소프트웨어 개발 및 공급업,4년 (2020년 설립),"37억 8,791만원",기타 법인,"4,625만원",http://interxlab.com/,1개,73명,109명,34명/69명
케어링,기타 비거주 복지 서비스업,5년 (2019년 설립),"113억 3,159만원",,"4,155만원",-,1개,70명,,
닥터나우,시스템ㆍ응용 소프트웨어 개발 및 공급업,5년 (2019년 설립),"5,914만원",주식회사,"5,882만원",-,1개,62명,48명,24명/12명
위허들링,,,,,,,,,,
클라썸,시스템ㆍ응용 소프트웨어 개발 및 공급업,6년 (2018년 설립),"4억 3,500만원",주식회사,"5,219만원",-,2개,52명,61명,30명/35명
마켓보로,시스템ㆍ응용 소프트웨어 개발 및 공급업,8년 (2016년 설립),"9억 5,700만원",주식회사,"5,341만원",-,1개,77명,83명,29명/12명
아임웹,그 외 기타 정보 서비스업,11년 (2013년 설립),"120억 2,272만원",주식회사,"5,707만원",-,1개,98명,115명,42명/57명
탈잉,시스템ㆍ응용 소프트웨어 개발 및 공급업,8년 (2016년 설립),75억 534만원,주식회사,"3,281만원",-,1개,56명,23명,8명/16명
미소,고용 알선업,9년 (2015년 설립),"43억 4,781만원",유한회사,"3,349만원",-,1개,101명,188명,173명/266명
패스트포워드,시스템ㆍ응용 소프트웨어 개발 및 공급업,5년 (2019년 설립),1억 43만원,주식회사,"5,852만원",-,1개,28명,8명,21명/2명
스픽이지랩스코리아,광고 대행업,4년 (2020년 설립),-,주식회사,"4,534만원",-,1개,18명,23명,16명/22명
제로엑스플로우,시스템ㆍ응용 소프트웨어 개발 및 공급업,6년 (2018년 설립),-,,-,-,1개,10명,,
리빌더에이아이,시스템ㆍ응용 소프트웨어 개발 및 공급업,2년 (2022년 설립),-,주식회사,"4,313만원",-,1개,17명,18명,27명/26명
고위드,경영 컨설팅 및 공공 관계 서비스업,9년 (2015년 설립),"6억 2,141만원",주식회사,"5,087만원",-,1개,48명,31명,33명/13명
이팝소프트,컴퓨터 프로그래밍 서비스업,5년 (2019년 설립),"48억 6,118만원",주식회사,"5,428만원",-,1개,29명,58명,8명/25명
리벨리온,시스템ㆍ응용 소프트웨어 개발 및 공급업,4년 (2020년 설립),-,기타 법인,"6,032만원",-,1개,51명,135명,13명/62명
더스윙,시스템ㆍ응용 소프트웨어 개발 및 공급업,5년 (2019년 설립),"208억 9,608만원",주식회사,"4,545만원",-,1개,74명,63명,56명/52명
원티드랩,시스템ㆍ응용 소프트웨어 개발 및 공급업,9년 (2015년 설립),"316억 9,921만원",주식회사,"6,710만원",,2개,168명,175명,48명/38명
더파운더즈,통신 판매업,7년 (2017년 설립),"299억 3,920만원",,"4,837만원",-,1개,118명,,
메라키플레이스,시스템ㆍ응용 소프트웨어 개발 및 공급업,3년 (2021년 설립),-,주식회사,"4,973만원",-,1개,18명,21명,24명/26명
카카오스타일,시스템ㆍ응용 소프트웨어 개발 및 공급업,12년 (2012년 설립),"652억 2,341만원",,"5,518만원",-,1개,505명,,
정육각,육류 가공 및 저장 처리업,8년 (2016년 설립),"401억 1,572만원",주식회사,"4,116만원",-,1개,261명,117명,52명/27명
모요,시스템ㆍ응용 소프트웨어 개발 및 공급업,3년 (2021년 설립),-,주식회사,"5,882만원",-,1개,26명,33명,19명/26명
오누이,그 외 기타 정보 서비스업,8년 (2016년 설립),191억 924만원,주식회사,"4,298만원",-,1개,95명,69명,87명/54명
코드잇,시스템ㆍ응용 소프트웨어 개발 및 공급업,7년 (2017년 설립),"44억 3,410만원",주식회사,"5,053만원",-,1개,40명,113명,25명/99명
아하앤컴퍼니,기술 및 직업 훈련학원,9년 (2015년 설립),-,주식회사,"5,852만원",-,1개,23명,23명,4명/12명
운칠기삼,그 외 기타 정보 서비스업,7년 (2017년 설립),"50억 4,974만원",주식회사,"4,793만원",-,1개,49명,56명,17명/21명
오피지지,시스템ㆍ응용 소프트웨어 개발 및 공급업,9년 (2015년 설립),"97억 5,693만원",주식회사,"5,584만원",-,1개,86명,60명,29명/7명
이제이엠컴퍼니,시스템ㆍ응용 소프트웨어 개발 및 공급업,3년 (2021년 설립),-,,"2,178만원",-,1개,10명,,
오피앤,그 외 기타 정보 서비스업,3년 (2021년 설립),-,,-,-,1개,5명,,
타인에이아이,시스템ㆍ응용 소프트웨어 개발 및 공급업,3년 (2021년 설립),-,,"3,509만원",-,1개,13명,,
직방,시스템ㆍ응용 소프트웨어 개발 및 공급업,14년 (2010년 설립),비공개,주식회사,비공개,https://company.zigbang.com,1개,비공개,비공개,비공개
링글잉글리시에듀케이션서비스,일반 교습학원,9년 (2015년 설립),"105억 7,336만원",주식회사,"5,764만원",-,1개,58명,41명,27명/10명
법틀,시스템ㆍ응용 소프트웨어 개발 및 공급업,7년 (2017년 설립),"8억 4,049만원",기타 법인,"4,127만원",-,1개,16명,27명,8명/15명
휴먼스케이프,시스템ㆍ응용 소프트웨어 개발 및 공급업,8년 (2016년 설립),"23억 7,148만원",주식회사,"5,536만원",-,1개,89명,94명,37명/37명
비즈니스캔버스,시스템ㆍ응용 소프트웨어 개발 및 공급업,4년 (2020년 설립),-,주식회사,"5,729만원",-,1개,29명,28명,10명/8명
콜버스랩,시스템ㆍ응용 소프트웨어 개발 및 공급업,9년 (2015년 설립),"6억 7,430만원",주식회사,"4,860만원",https://callbuslab.insight.wanted.co.kr/,1개,14명,22명,8명/14명
여기어때컴퍼니,그 외 기타 정보 서비스업,9년 (2015년 설립),"2,049억 1,284만원",주식회사,"5,930만원",-,1개,576명,594명,100명/139명
에이비제트,그 외 기타 정보 서비스업,5년 (2019년 설립),-,주식회사,"3,965만원",-,1개,8명,13명,1명/6명
트레바리,기타 창작 및 예술관련 서비스업,5년 (2019년 설립),"12억 9,856만원",주식회사,"3,686만원",-,1개,66명,27명,20명/16명
그리티,의복 소매업,25년 (1999년 설립),"1,041억 1,638만원",주식회사,"6,069만원",www.gritees.com,1개,105명,114명,21명/21명
데이터노우즈,그 외 기타 정보 서비스업,5년 (2019년 설립),"1억 9,059만원",주식회사,"5,852만원",-,1개,27명,23명,28명/9명
윌로그,시스템ㆍ응용 소프트웨어 개발 및 공급업,3년 (2021년 설립),-,기타 법인,"5,882만원",-,1개,25명,48명,22명/38명
오아시스,시스템ㆍ응용 소프트웨어 개발 및 공급업,5년 (2019년 설립),"2,224만원",주식회사,"5,304만원",-,1개,14명,24명,17명/19명
피알앤디컴퍼니,시스템ㆍ응용 소프트웨어 개발 및 공급업,9년 (2015년 설립),"389억 7,258만원",주식회사,"5,147만원",-,1개,72명,113명,14명/49명
밀리의서재,그 외 기타 정보 서비스업,8년 (2016년 설립),"288억 5,698만원",주식회사,"5,507만원",www.millie.co.kr/v3/brand/update,2개,150명,170명,56명/79명
퓨리오사에이아이,시스템ㆍ응용 소프트웨어 개발 및 공급업,7년 (2017년 설립),-,기타 법인,"6,032만원",-,1개,64명,124명,10명/34명
왓챠,시스템ㆍ응용 소프트웨어 개발 및 공급업,13년 (2011년 설립),"662억 6,034만원",주식회사,"5,114만원",-,2개,116명,87명,67명/40명
누비랩,시스템ㆍ응용 소프트웨어 개발 및 공급업,5년 (2019년 설립),19억 957만원,주식회사,"5,266만원",-,1개,38명,56명,31명/36명
테크랩스,그 외 기타 정보 서비스업,11년 (2013년 설립),"91억 1,425만원",,"4,462만원",-,1개,206명,,
뉴닉,통신 판매업,6년 (2018년 설립),"1억 1,525만원",주식회사,"4,592만원",-,1개,22명,32명,8명/21명
릴리스에이아이,,,,,,,,,,
몰로코,광고 대행업,10년 (2014년 설립),"126억 9,099만원",기타 법인,"6,032만원",-,1개,147명,160명,39명/45명
디스콰이엇,포털 및 기타 인터넷 정보 매개 서비스업,3년 (2021년 설립),-,,-,-,1개,4명,,
와디즈,경영 컨설팅 및 공공 관계 서비스업,4년 (2020년 설립),"121억 1,258만원",주식회사,"5,526만원",-,1개,356명,261명,177명/98명
마드라스체크,시스템ㆍ응용 소프트웨어 개발 및 공급업,9년 (2015년 설립),28억 917만원,주식회사,"5,355만원",-,1개,80명,111명,18명/22명
생활연구소,통신 판매업,4년 (2020년 설립),-,,"1,231만원",-,1개,1명,,
워시스왓,세탁업,9년 (2015년 설립),"132억 5,517만원",주식회사,"3,775만원",-,1개,418명,268명,334명/267명
아이네블루메,그 외 기타 정보 서비스업,6년 (2018년 설립),"7억 2,711만원",주식회사,"4,136만원",-,1개,2명,3명,3명/0명
바비톡,시스템ㆍ응용 소프트웨어 개발 및 공급업,10년 (2014년 설립),-,주식회사,"5,932만원",babitalk.com,1개,63명,83명,20명/36명
레몬트리,"생활용 섬유제품, 의복, 의복 액세서리 및 모피제품 도매업",9년 (2015년 설립),"136억 1,010만원",주식회사,"3,215만원",-,1개,20명,22명,8명/9명
트렌비,통신 판매업,7년 (2017년 설립),"217억 6,221만원",주식회사,"4,042만원",-,1개,112명,79명,53명/39명
넥스트에디션,시스템ㆍ응용 소프트웨어 개발 및 공급업,5년 (2019년 설립),"2억 1,961만원",주식회사,"4,533만원",-,1개,15명,22명,13명/16명
인플루디오,포털 및 기타 인터넷 정보 매개 서비스업,4년 (2020년 설립),"1,594만원",주식회사,"3,034만원",-,1개,59명,91명,54명/81명
닥터다이어리,시스템ㆍ응용 소프트웨어 개발 및 공급업,7년 (2017년 설립),"73억 9,793만원",주식회사,"4,250만원",-,1개,47명,51명,35명/34명
두나무,"컴퓨터 시스템 통합 자문, 구축 및 관리업",12년 (2012년 설립),"3조 6,854억 9,011만원",주식회사,"11,176만원",www.dunamu.com,1개,585명,617명,65명/94명
중고나라,시스템ㆍ응용 소프트웨어 개발 및 공급업,10년 (2014년 설립),"86억 6,046만원",주식회사,"4,666만원",-,1개,138명,115명,56명/43명
어뮤즈,여행사업,8년 (2016년 설립),"6억 8,374만원",주식회사,"3,093만원",-,1개,19명,15명,8명/6명
웰로,그 외 기타 정보 서비스업,3년 (2021년 설립),-,주식회사,"4,569만원",www.wello.info,1개,15명,31명,20명/33명
리브애니웨어,시스템ㆍ응용 소프트웨어 개발 및 공급업,0년 (2024년 설립),"23억 2,404만원",주식회사,"4,942만원",-,1개,27명,36명,14명/15명
아키스케치,시스템ㆍ응용 소프트웨어 개발 및 공급업,9년 (2015년 설립),"8억 6,214만원",주식회사,"4,612만원",-,1개,23명,29명,4명/14명
딜리버리랩,시스템ㆍ응용 소프트웨어 개발 및 공급업,5년 (2019년 설립),"51억 5,949만원",주식회사,"3,997만원",-,1개,59명,42명,23명/19명
올거나이즈코리아,시스템ㆍ응용 소프트웨어 개발 및 공급업,6년 (2018년 설립),10억 855만원,기타 법인,"5,870만원",-,1개,25명,39명,14명/25명
닷슬래시대시,시스템ㆍ응용 소프트웨어 개발 및 공급업,3년 (2021년 설립),350만원,,"5,852만원",-,1개,27명,,
라프텔,시스템ㆍ응용 소프트웨어 개발 및 공급업,3년 (2021년 설립),-,주식회사,"5,452만원",-,1개,0명,53명,15명/30명
쿼타랩,시스템ㆍ응용 소프트웨어 개발 및 공급업,5년 (2019년 설립),2억 494만원,주식회사,"4,503만원",-,1개,47명,29명,40명/15명
어바웃펫,통신 판매업,12년 (2012년 설립),"261억 6,965만원",주식회사,"5,068만원",-,1개,82명,57명,44명/26명
플랜핏,시스템ㆍ응용 소프트웨어 개발 및 공급업,3년 (2021년 설립),51만원,주식회사,"3,751만원",-,1개,5명,10명,3명/6명
아정네트웍스,포털 및 기타 인터넷 정보 매개 서비스업,3년 (2021년 설립),"60억 3,106만원",주식회사,"4,037만원",-,1개,151명,316명,176명/330명
파일러,시스템ㆍ응용 소프트웨어 개발 및 공급업,1년 (2023년 설립),-,기타 법인,"5,852만원",-,1개,3명,5명,2명/5명
스캐터랩,시스템ㆍ응용 소프트웨어 개발 및 공급업,13년 (2011년 설립),"7억 6,597만원",주식회사,"5,932만원",-,1개,70명,50명,29명/15명
윙잇,식료품 소매업,9년 (2015년 설립),"174억 9,130만원",,-,-,3개,94명,,
어웨이크코퍼레이션,시스템ㆍ응용 소프트웨어 개발 및 공급업,4년 (2020년 설립),"1억 9,293만원",주식회사,"5,796만원",-,1개,8명,5명,9명/6명
로랩스,상품 중개업,6년 (2018년 설립),"20억 7,822만원",주식회사,"3,558만원",-,1개,11명,15명,11명/15명
슈카친구들,"영화, 비디오물 및 방송 프로그램 제작업",4년 (2020년 설립),-,기타 법인,"5,852만원",-,1개,6명,12명,1명/5명
트릴리언즈,통신 판매업,1년 (2023년 설립),-,주식회사,"3,092만원",-,1개,2명,7명,1명/5명
테일러타운,통신 판매업,2년 (2022년 설립),-,주식회사,"4,696만원",-,1개,6명,15명,5명/7명
피스피스스튜디오,기타 봉제의복 제조업,4년 (2020년 설립),-,,-,-,1개,54명,,
마플코퍼레이션,"섬유제품 염색, 정리 및 마무리 가공업",9년 (2015년 설립),"113억 8,575만원",주식회사,"3,791만원",-,1개,108명,146명,90명/99명
지로,시스템ㆍ응용 소프트웨어 개발 및 공급업,4년 (2020년 설립),"1억 1,460만원",주식회사,"3,685만원",-,1개,12명,20명,9명/9명
자란다,일반 교습학원,8년 (2016년 설립),"75억 5,774만원",,"4,097만원",-,1개,89명,,
카카오모빌리티,소화물 전문 운송업,7년 (2017년 설립),"4,425억 4,655만원",주식회사,"8,944만원",-,2개,883명,900명,202명/158명
어베어,시스템ㆍ응용 소프트웨어 개발 및 공급업,2년 (2022년 설립),-,주식회사,"4,366만원",-,1개,7명,23명,16명/27명
딜라이트룸,시스템ㆍ응용 소프트웨어 개발 및 공급업,11년 (2013년 설립),"128억 2,343만원",주식회사,"5,882만원",https://team.alar.my/,1개,25명,33명,6명/12명
그린랩스,통신 공사업,7년 (2017년 설립),"966억 7,209만원",주식회사,"6,032만원",-,1개,5명,107명,64명/63명
트립비토즈,여행사업,8년 (2016년 설립),"25억 5,476만원",주식회사,"4,772만원",-,1개,60명,59명,37명/30명
스펙터,그 외 기타 정보 서비스업,4년 (2020년 설립),-,주식회사,"4,856만원",-,1개,9명,31명,13명/21명
루닛,시스템ㆍ응용 소프트웨어 개발 및 공급업,11년 (2013년 설립),"66억 3,899만원",주식회사,"8,314만원",www.lunit.io,1개,287명,305명,61명/117명
차봇모빌리티,시스템ㆍ응용 소프트웨어 개발 및 공급업,7년 (2017년 설립),"103억 6,481만원",주식회사,"4,735만원",-,1개,73명,48명,54명/27명
스터닝,"그 외 기타 전문, 과학 및 기술 서비스업",13년 (2011년 설립),"61억 2,346만원",주식회사,"3,956만원",-,1개,41명,38명,24명/26명
프릿지크루,그 외 기타 정보 서비스업,3년 (2021년 설립),-,주식회사,"4,799만원",-,1개,6명,6명,3명/4명
블래스트,"영화, 비디오물 및 방송 프로그램 제작업",2년 (2022년 설립),-,기타 법인,"5,008만원",-,1개,25명,63명,7명/31명
에이피알,"의약품, 의료용 기구, 화장품 및 방향제 소매업",10년 (2014년 설립),"2,288억 6,782만원",주식회사,"5,363만원",apr-in.com,1개,401명,502명,180명/286명
케어네이션,광고 대행업,3년 (2021년 설립),-,,-,-,1개,1명,,
비엠스마일,그 외 기타 상품 전문 소매업,6년 (2018년 설립),"228억 7,459만원",주식회사,"3,878만원",-,1개,88명,142명,63명/78명
레몬베이스,시스템ㆍ응용 소프트웨어 개발 및 공급업,4년 (2020년 설립),비공개,주식회사,비공개,https://lemonbase.com/,1개,비공개,비공개,비공개
무니스,시스템ㆍ응용 소프트웨어 개발 및 공급업,3년 (2021년 설립),-,,"3,573만원",-,2개,5명,,
세컨신드롬,보관 및 창고업,6년 (2018년 설립),"30억 6,989만원",주식회사,"5,058만원",-,1개,37명,47명,23명/37명
아파트멘터리,"도장, 도배 및 내장 공사업",8년 (2016년 설립),193억 477만원,주식회사,"4,516만원",-,2개,149명,95명,52명/69명
니어스랩,"항공기, 우주선 및 보조장치 제조업",9년 (2015년 설립),"9억 3,004만원",기타 법인,"5,932만원",-,1개,80명,80명,42명/40명
패스트레인,광고 대행업,8년 (2016년 설립),"42억 8,819만원",주식회사,"5,179만원",https://www.yeoshin.co.kr/,1개,46명,67명,21명/21명
커피챗,시스템ㆍ응용 소프트웨어 개발 및 공급업,3년 (2021년 설립),-,주식회사,"5,852만원",-,1개,6명,7명,5명/3명
클로봇,시스템ㆍ응용 소프트웨어 개발 및 공급업,7년 (2017년 설립),"46억 5,388만원",기타 법인,"5,416만원",-,1개,102명,144명,29명/65명
커버링,시스템ㆍ응용 소프트웨어 개발 및 공급업,4년 (2020년 설립),"1,607만원",주식회사,"3,303만원",-,1개,11명,18명,13명/17명
온다,광고 대행업,5년 (2019년 설립),-,주식회사,"3,242만원",-,1개,11명,6명,21명/18명
서울로보틱스,시스템ㆍ응용 소프트웨어 개발 및 공급업,6년 (2018년 설립),"11억 4,197만원",주식회사,"5,476만원",-,1개,49명,49명,19명/14명
풀리오,통신 판매업,2년 (2022년 설립),-,,-,-,1개,3명,,
스매시,시스템ㆍ응용 소프트웨어 개발 및 공급업,2년 (2022년 설립),-,,-,-,1개,8명,,
어크로스비,시스템ㆍ응용 소프트웨어 개발 및 공급업,4년 (2020년 설립),"49억 6,685만원",기타 법인,"5,135만원",-,1개,21명,36명,7명/15명
에이슬립,컴퓨터 프로그래밍 서비스업,4년 (2020년 설립),303만원,주식회사,"5,852만원",-,1개,74명,21명,84명/25명
네오사피엔스,컴퓨터 프로그래밍 서비스업,6년 (2018년 설립),"9억 2,133만원",주식회사,"5,932만원",-,1개,65명,71명,8명/16명
포티파이,게임 소프트웨어 개발 및 공급업,4년 (2020년 설립),"4,055만원",주식회사,"5,239만원",-,1개,19명,11명,9명/2명
인핸스,컴퓨터 프로그래밍 서비스업,3년 (2021년 설립),"8,035만원",주식회사,"5,517만원",-,1개,16명,34명,5명/17명
비엘큐,통신 판매업,5년 (2019년 설립),"48억 4,397만원",주식회사,"4,533만원",-,1개,35명,3명,37명/3명
머스트잇,상품 중개업,12년 (2012년 설립),"199억 4,949만원",주식회사,"4,590만원",-,1개,120명,61명,94명/43명
맘편한세상,고용 알선업,8년 (2016년 설립),"14억 7,176만원",주식회사,"5,588만원",-,1개,42명,27명,36명/34명
브랜드엑스코퍼레이션,통신 판매업,7년 (2017년 설립),"1,477억 7,029만원",주식회사,"4,190만원",www.brandxcorp.com/,1개,210명,209명,68명/80명
프랭크스토어,그 외 기타 정보 서비스업,3년 (2021년 설립),비공개,주식회사,비공개,https://fantrie.com,1개,비공개,비공개,비공개
노머스,"영화, 비디오물 및 방송 프로그램 제작업",5년 (2019년 설립),"92억 1,814만원",주식회사,"4,482만원",-,1개,64명,67명,18명/30명
빌리오,시스템ㆍ응용 소프트웨어 개발 및 공급업,4년 (2020년 설립),-,주식회사,"3,987만원",-,1개,7명,7명,5명/3명
바잇미,-,7년 (2017년 설립),"110억 5,771만원",,"3,491만원",-,1개,38명,,
오니스트,통신 판매업,4년 (2020년 설립),"12억 7,391만원",주식회사,"3,960만원",-,1개,9명,17명,15명/20명
샌드박스네트워크,게임 소프트웨어 개발 및 공급업,9년 (2015년 설립),"1,136억 7,246만원",주식회사,"4,733만원",-,2개,354명,234명,134명/73명
플록스,시스템ㆍ응용 소프트웨어 개발 및 공급업,6년 (2018년 설립),-,주식회사,"5,843만원",-,1개,13명,14명,2명/2명
뉴로퓨전,시스템ㆍ응용 소프트웨어 개발 및 공급업,2년 (2022년 설립),-,,"5,882만원",-,1개,15명,,
이너시아,"의약품, 의료용 기구, 화장품 및 방향제 소매업",3년 (2021년 설립),-,주식회사,"2,749만원",-,1개,10명,13명,7명/5명
더파이러츠,신선 식품 및 단순 가공 식품 도매업,6년 (2018년 설립),"451억 3,190만원",주식회사,"3,845만원",-,1개,131명,121명,70명/65명
원더윅스컴퍼니,광고 대행업,3년 (2021년 설립),-,주식회사,"4,476만원",-,1개,9명,17명,5명/7명
카카오헬스케어,시스템ㆍ응용 소프트웨어 개발 및 공급업,2년 (2022년 설립),-,주식회사,"6,032만원",-,1개,60명,203명,60명/110명
쓰리빌리언,그 외 기타 정보 서비스업,8년 (2016년 설립),"5억 5,065만원",기타 법인,"5,002만원",-,1개,61명,80명,21명/28명
혜움랩스,시스템ㆍ응용 소프트웨어 개발 및 공급업,7년 (2017년 설립),"18억 7,153만원",주식회사,"4,878만원",-,1개,54명,52명,20명/20명
어스얼라이언스,그 외 기타 정보 서비스업,12년 (2012년 설립),"19억 1,563만원",주식회사,"4,686만원",-,1개,39명,78명,26명/45명
퍼블리,게임 소프트웨어 개발 및 공급업,3년 (2021년 설립),-,주식회사,"4,746만원",-,1개,33명,81명,17명/49명
스푼라디오,시스템ㆍ응용 소프트웨어 개발 및 공급업,11년 (2013년 설립),"483억 9,623만원",주식회사,"5,816만원",-,1개,107명,121명,44명/55명
딥서치,시스템ㆍ응용 소프트웨어 개발 및 공급업,11년 (2013년 설립),"31억 7,836만원",주식회사,"5,659만원",-,1개,29명,25명,16명/16명
노르마,시스템ㆍ응용 소프트웨어 개발 및 공급업,13년 (2011년 설립),"68억 7,257만원",기타 법인,"4,194만원",-,1개,53명,50명,24명/9명
네이션에이,시스템ㆍ응용 소프트웨어 개발 및 공급업,2년 (2022년 설립),-,주식회사,"4,289만원",-,1개,8명,19명,8명/17명
위펀,"도장, 도배 및 내장 공사업",6년 (2018년 설립),180억 772만원,주식회사,"3,928만원",-,2개,173명,242명,118명/195명
프리딕션,게임 소프트웨어 개발 및 공급업,4년 (2020년 설립),-,,"3,943만원",-,1개,11명,,
그립컴퍼니,통신 판매업,6년 (2018년 설립),"14억 3,484만원",주식회사,"5,533만원",https://grip.show/,1개,112명,156명,89명/72명
프레시지,통신 판매업,8년 (2016년 설립),"1,889억 1,892만원",,"4,528만원",-,1개,392명,,
튜링,시스템ㆍ응용 소프트웨어 개발 및 공급업,4년 (2020년 설립),-,기타 법인,"4,871만원",-,1개,9명,13명,6명/11명
띵스플로우,시스템ㆍ응용 소프트웨어 개발 및 공급업,7년 (2017년 설립),"17억 3,795만원",주식회사,"5,475만원",-,1개,91명,62명,47명/11명
클래스팅,포털 및 기타 인터넷 정보 매개 서비스업,12년 (2012년 설립),비공개,주식회사,"5,157만원",https://www.classting.com/,1개,76명,89명,28명/45명
세모컴퍼니,"의약품, 의료용품 및 화장품 도매업",3년 (2021년 설립),-,주식회사,"4,482만원",-,1개,13명,32명,14명/36명
디에스글로벌,기타 전자 부품 제조업,14년 (2010년 설립),"564억 4,590만원",주식회사,"4,984만원",-,1개,72명,61명,30명/37명
티피씨인터넷,게임 소프트웨어 개발 및 공급업,4년 (2020년 설립),"19억 1,617만원",,"4,215만원",-,1개,22명,,
베링랩,"그 외 기타 전문, 과학 및 기술 서비스업",4년 (2020년 설립),"4억 3,686만원",주식회사,"5,189만원",-,1개,15명,20명,10명/15명
딥엑스,시스템ㆍ응용 소프트웨어 개발 및 공급업,6년 (2018년 설립),-,기타 법인,"5,932만원",-,1개,38명,67명,16명/33명
테크타카,시스템ㆍ응용 소프트웨어 개발 및 공급업,4년 (2020년 설립),"14억 4,397만원",주식회사,"5,659만원",argoport.com,1개,68명,62명,20명/14명
마키나락스,시스템ㆍ응용 소프트웨어 개발 및 공급업,6년 (2018년 설립),"14억 1,655만원",주식회사,"6,032만원",-,1개,68명,117명,20명/35명
밸런스히어로,시스템ㆍ응용 소프트웨어 개발 및 공급업,9년 (2015년 설립),"51억 7,152만원",기타 법인,"5,882만원",-,1개,43명,44명,2명/4명
바인드,게임 소프트웨어 개발 및 공급업,13년 (2011년 설립),"2,479억 6,148만원",주식회사,"4,082만원",-,1개,"1,054명","1,195명",714명/876명
피에프씨테크놀로지스,여신 금융업,9년 (2015년 설립),비공개,주식회사,비공개,www.peoplefund.co.kr/,1개,비공개,비공개,비공개
센트비,그 외 기타 금융업,9년 (2015년 설립),-,기타 법인,"5,252만원",-,1개,55명,161명,26명/133명
야나두,,,,,,,,,,
팀프레시,그 외 기타 운송관련 서비스업,6년 (2018년 설립),"702억 1,077만원",주식회사,"4,041만원",-,3개,371명,381명,219명/202명
굿닥,시스템ㆍ응용 소프트웨어 개발 및 공급업,4년 (2020년 설립),"43억 3,123만원",주식회사,"5,028만원",-,1개,61명,28명,51명/13명
원프레딕트,시스템ㆍ응용 소프트웨어 개발 및 공급업,8년 (2016년 설립),"24억 9,429만원",기타 법인,"5,919만원",-,1개,79명,52명,65명/38명
먼치팩토리,그 외 기타 정보 서비스업,5년 (2019년 설립),"29억 1,928만원",주식회사,"4,956만원",-,1개,12명,23명,17명/19명
코드스테이츠,그 외 기타 교육기관,6년 (2018년 설립),"123억 8,325만원",주식회사,"5,405만원",-,1개,192명,31명,101명/23명
비프로컴퍼니,시스템ㆍ응용 소프트웨어 개발 및 공급업,9년 (2015년 설립),"22억 5,812만원",주식회사,"4,615만원",-,1개,46명,15명,8명/6명
프렌즈큐브,시스템ㆍ응용 소프트웨어 개발 및 공급업,10년 (2014년 설립),-,주식회사,"5,852만원",-,1개,2명,5명,0명/1명
에스알파테라퓨틱스,시스템ㆍ응용 소프트웨어 개발 및 공급업,5년 (2019년 설립),-,기타 법인,"5,882만원",-,1개,36명,43명,8명/16명
피처링,시스템ㆍ응용 소프트웨어 개발 및 공급업,5년 (2019년 설립),"18억 9,697만원",주식회사,"4,810만원",-,1개,12명,30명,10명/26명
에이비일팔공,시스템ㆍ응용 소프트웨어 개발 및 공급업,9년 (2015년 설립),"134억 4,566만원",주식회사,"5,613만원",-,1개,105명,131명,51명/53명
북아이피스,시스템ㆍ응용 소프트웨어 개발 및 공급업,3년 (2021년 설립),-,주식회사,"4,723만원",-,1개,23명,47명,26명/45명
지에프에프지,기타 간이 음식점업,7년 (2017년 설립),"398억 7,393만원",유한회사,"3,028만원",-,1개,153명,630명,"613명/1,124명"
슈퍼브에이아이,컴퓨터 프로그래밍 서비스업,6년 (2018년 설립),26억 339만원,기타 법인,"5,882만원",-,1개,86명,49명,38명/23명
비주얼,시스템ㆍ응용 소프트웨어 개발 및 공급업,4년 (2020년 설립),-,기타 법인,"4,944만원",-,1개,18명,19명,12명/7명
웨이커,그 외 기타 정보 서비스업,4년 (2020년 설립),"3억 5,454만원",기타 법인,"4,696만원",-,1개,24명,34명,18명/25명
마이프랜차이즈,시스템ㆍ응용 소프트웨어 개발 및 공급업,5년 (2019년 설립),4억 392만원,주식회사,"5,512만원",https://myfranchise.kr/,1개,42명,35명,16명/8명
프렌트립,시스템ㆍ응용 소프트웨어 개발 및 공급업,10년 (2014년 설립),"16억 8,194만원",주식회사,"4,500만원",-,1개,56명,23명,24명/21명
쿠캣,시스템ㆍ응용 소프트웨어 개발 및 공급업,10년 (2014년 설립),"434억 5,290만원",주식회사,"4,798만원",-,1개,113명,107명,40명/40명
하이퍼커넥트,시스템ㆍ응용 소프트웨어 개발 및 공급업,10년 (2014년 설립),"1,819억 5,486만원",유한책임회사,"6,032만원",-,1개,329명,358명,66명/117명
인플루엔셜,경영 컨설팅 및 공공 관계 서비스업,16년 (2008년 설립),198억 151만원,주식회사,"4,744만원",-,1개,96명,101명,27명/27명
플레이스5,시스템ㆍ응용 소프트웨어 개발 및 공급업,10년 (2014년 설립),비공개,주식회사,비공개,https://inc.place5.com/,1개,비공개,비공개,비공개
올빅뎃,그 외 기타 정보 서비스업,5년 (2019년 설립),비공개,주식회사,비공개,https://allbigdat.com,1개,비공개,비공개,비공개
스트라드비젼,시스템ㆍ응용 소프트웨어 개발 및 공급업,10년 (2014년 설립),"39억 8,626만원",기타 법인,"6,032만원",-,1개,291명,251명,58명/27명
콕스웨이브,시스템ㆍ응용 소프트웨어 개발 및 공급업,3년 (2021년 설립),-,주식회사,"4,909만원",-,2개,8명,20명,6명/13명
스카이랩스,"측정, 시험, 항해, 제어 및 기타 정밀 기기 제조업",9년 (2015년 설립),"1억 2,450만원",주식회사,비공개,www.skylabs.io,1개,43명,65명,10명/29명
아이쿠카,시스템ㆍ응용 소프트웨어 개발 및 공급업,1년 (2023년 설립),-,주식회사,"5,125만원",-,1개,12명,15명,10명/11명
지엔에이컴퍼니,시스템ㆍ응용 소프트웨어 개발 및 공급업,4년 (2020년 설립),"5억 6,003만원",주식회사,"3,891만원",-,1개,31명,38명,21명/25명
김캐디,포털 및 기타 인터넷 정보 매개 서비스업,4년 (2020년 설립),"7억 3,809만원",주식회사,"4,635만원",-,1개,27명,32명,7명/10명
후루츠패밀리컴퍼니,게임 소프트웨어 개발 및 공급업,5년 (2019년 설립),-,,"5,165만원",-,1개,4명,,
웨인힐스브라이언트에이아이,시스템ㆍ응용 소프트웨어 개발 및 공급업,5년 (2019년 설립),-,,"4,029만원",-,1개,20명,,
스톤아이,통신 판매업,8년 (2016년 설립),"4억 4,236만원",주식회사,"5,066만원",-,1개,19명,18명,13명/9명
한국시니어연구소,시스템ㆍ응용 소프트웨어 개발 및 공급업,5년 (2019년 설립),2억 733만원,주식회사,"5,042만원",-,1개,42명,11명,25명/5명
버즈빌,광고 대행업,11년 (2013년 설립),"596억 7,272만원",주식회사,"5,994만원",-,1개,113명,106명,36명/28명
펫타버스,"가전제품, 통신장비 및 부품 도매업",4년 (2020년 설립),-,주식회사,"4,673만원",-,1개,15명,18명,10명/10명
세컨드유레카,경영 컨설팅 및 공공 관계 서비스업,4년 (2020년 설립),-,기타 법인,"5,852만원",-,1개,3명,8명,3명/3명
에어스메디컬,시스템ㆍ응용 소프트웨어 개발 및 공급업,6년 (2018년 설립),"1,398만원",기타 법인,"5,543만원",-,1개,93명,93명,42명/45명
셀렉트스타,시스템ㆍ응용 소프트웨어 개발 및 공급업,5년 (2019년 설립),"52억 6,743만원",주식회사,"4,113만원",-,1개,11명,123명,68명/117명
설로인,가공식품 도매업,7년 (2017년 설립),"195억 5,053만원",주식회사,"4,418만원",-,1개,147명,117명,88명/84명
에이아이포펫,시스템ㆍ응용 소프트웨어 개발 및 공급업,4년 (2020년 설립),"2억 4,409만원",,"4,828만원",-,1개,27명,,
부릉,그 외 기타 사업 지원 서비스업,11년 (2013년 설립),-,주식회사,"5,454만원",-,1개,168명,178명,75명/94명
식스티헤르츠,시스템ㆍ응용 소프트웨어 개발 및 공급업,3년 (2021년 설립),"4,528만원",,"5,020만원",-,1개,9명,,
키햐,통신 판매업,2년 (2022년 설립),-,주식회사,"4,120만원",-,1개,4명,11명,1명/5명
마이노멀컴퍼니,통신 판매업,6년 (2018년 설립),"42억 5,239만원",주식회사,"4,684만원",http://mynormal.shop,1개,17명,26명,3명/12명
하이퍼리즘,시스템ㆍ응용 소프트웨어 개발 및 공급업,6년 (2018년 설립),"9억 5,814만원",,"5,294만원",https://www.hyperithm.com/,1개,17명,,
카펜스트리트,컴퓨터 프로그래밍 서비스업,5년 (2019년 설립),32억 919만원,주식회사,"5,190만원",https://www.acon3d.com/ko/toon,1개,44명,37명,37명/23명
안다르,경영 컨설팅 및 공공 관계 서비스업,21년 (2003년 설립),"474억 9,440만원",주식회사,"4,364만원",www.echomarketing.co.kr,1개,280명,317명,143명/180명
키즈노트,시스템ㆍ응용 소프트웨어 개발 및 공급업,12년 (2012년 설립),"106억 7,942만원",주식회사,"5,382만원",-,1개,97명,121명,55명/46명
구다이글로벌,"의약품, 의료용품 및 화장품 도매업",7년 (2017년 설립),"116억 6,355만원",주식회사,"5,303만원",-,1개,27명,51명,3명/27명
에스더포뮬러,식료품 소매업,16년 (2008년 설립),"857억 9,988만원",주식회사,"5,658만원",-,1개,113명,142명,35명/63명
라라스윗,가공식품 도매업,5년 (2019년 설립),비공개,주식회사,비공개,서울시 강남구 테헤란로 425,2개,39명,71명,31명/60명
다비오,시스템ㆍ응용 소프트웨어 개발 및 공급업,12년 (2012년 설립),"10억 7,997만원",주식회사,"5,632만원",-,1개,49명,61명,15명/25명
세븐픽쳐스,컴퓨터 프로그래밍 서비스업,8년 (2016년 설립),-,주식회사,"4,494만원",-,1개,4명,8명,5명/4명
코멘토,,,,,,,,,,
딥핑소스,시스템ㆍ응용 소프트웨어 개발 및 공급업,6년 (2018년 설립),"7억 4,375만원",기타 법인,"5,517만원",-,1개,50명,48명,24명/17명
타운즈,그 외 기타 정보 서비스업,4년 (2020년 설립),-,기타 법인,"4,755만원",-,1개,17명,16명,6명/2명
아이리스브라이트,통신 판매업,4년 (2020년 설립),"745억 1,515만원",주식회사,"3,380만원",-,1개,31명,106명,41명/68명
나노실리콘,일차전지 및 축전지 제조업,1년 (2023년 설립),-,기타 법인,"5,852만원",-,1개,5명,8명,0명/2명
귤메달,식료품 소매업,3년 (2021년 설립),-,주식회사,"2,632만원",-,1개,2명,6명,5명/6명
웰트,시스템ㆍ응용 소프트웨어 개발 및 공급업,8년 (2016년 설립),"7억 1,853만원",주식회사,"5,274만원",-,1개,20명,25명,9명/12명
로쉬코리아,그 외 기타 정보 서비스업,4년 (2020년 설립),-,,"4,044만원",-,1개,9명,,
고퀄,시스템ㆍ응용 소프트웨어 개발 및 공급업,10년 (2014년 설립),94억 699만원,주식회사,"4,647만원",-,1개,52명,50명,20명/15명
콴텍,기타 금융 지원 서비스업,1년 (2023년 설립),-,기타 법인,"5,882만원",-,1개,38명,42명,20명/24명
모드하우스,시스템ㆍ응용 소프트웨어 개발 및 공급업,3년 (2021년 설립),비공개,,비공개,www.mod-haus.com,1개,비공개,,
코넥시오에이치,,,,,,,,,,
파마브로스,시스템ㆍ응용 소프트웨어 개발 및 공급업,2년 (2022년 설립),-,주식회사,"4,878만원",-,1개,11명,23명,12명/26명
니더,시스템ㆍ응용 소프트웨어 개발 및 공급업,8년 (2016년 설립),"1억 4,636만원",,"4,314만원",-,1개,19명,,
엔라이즈,식료품 소매업,9년 (2015년 설립),"204억 2,771만원",주식회사,"4,917만원",-,1개,51명,40명,33명/33명
뷰티셀렉션,상품 중개업,4년 (2020년 설립),"157억 3,583만원",주식회사,"4,637만원",-,1개,127명,82명,69명/39명
토스랩,기타 정보 기술 및 컴퓨터 운영 관련 서비스업,10년 (2014년 설립),"39억 8,949만원",주식회사,"5,882만원",jandi.com,1개,48명,32명,27명/12명
빗썸코리아,통신 판매업,10년 (2014년 설립),"1조 99억 2,502만원",주식회사,"9,928만원",https://bithumbcorp.com/ko/,1개,355명,432명,87명/159명
만나코퍼레이션,포털 및 기타 인터넷 정보 매개 서비스업,7년 (2017년 설립),"19억 8,507만원",주식회사,"2,643만원",-,1개,180명,52명,97명/38명
퀄슨,시스템ㆍ응용 소프트웨어 개발 및 공급업,10년 (2014년 설립),"52억 9,060만원",주식회사,"5,515만원",-,1개,135명,61명,106명/34명
오픈갤러리,그 외 기타 사업 지원 서비스업,11년 (2013년 설립),"41억 5,624만원",주식회사,"3,040만원",-,1개,58명,58명,34명/33명
오렌지스퀘어,시스템ㆍ응용 소프트웨어 개발 및 공급업,11년 (2013년 설립),-,주식회사,"4,328만원",-,1개,27명,59명,19명/50명
파이온코퍼레이션,광고 대행업,5년 (2019년 설립),비공개,주식회사,비공개,www.vcat.ai,1개,44명,52명,15명/16명
피유엠피,스포츠 및 레크리에이션 용품 임대업,5년 (2019년 설립),"112억 4,115만원",,"3,778만원",-,1개,67명,,
이브로드캐스팅,그 외 기타 정보 서비스업,6년 (2018년 설립),"148억 1,387만원",주식회사,"4,774만원",-,2개,40명,60명,26명/17명
에이치에너지,시스템ㆍ응용 소프트웨어 개발 및 공급업,6년 (2018년 설립),"114억 8,122만원",주식회사,"4,021만원",-,2개,75명,119명,47명/79명
파스토,보관 및 창고업,6년 (2018년 설립),"129억 1,855만원",주식회사,"5,932만원",-,1개,140명,86명,87명/47명
그렙,시스템ㆍ응용 소프트웨어 개발 및 공급업,10년 (2014년 설립),80억 868만원,주식회사,"5,538만원",-,1개,123명,98명,23명/24명
코리아포트원,시스템ㆍ응용 소프트웨어 개발 및 공급업,11년 (2013년 설립),-,,-,-,1개,57명,,
비브로스,시스템ㆍ응용 소프트웨어 개발 및 공급업,10년 (2014년 설립),"16억 5,556만원",주식회사,"5,932만원",-,1개,51명,63명,8명/12명
스티비,시스템ㆍ응용 소프트웨어 개발 및 공급업,4년 (2020년 설립),비공개,주식회사,비공개,https://www.flextv.co.kr/,1개,비공개,비공개,비공개
어댑트,"세제, 화장품 및 광택제 제조업",7년 (2017년 설립),"471억 8,034만원",주식회사,"4,490만원",-,1개,63명,124명,32명/70명
다노,시스템ㆍ응용 소프트웨어 개발 및 공급업,11년 (2013년 설립),202억 240만원,주식회사,"4,006만원",-,1개,61명,5명,15명/1명
메인라인,시스템ㆍ응용 소프트웨어 개발 및 공급업,19년 (2005년 설립),"71억 3,931만원",주식회사,"5,436만원",http://www.mainlineit.com/,2개,55명,72명,18명/34명
겟차,시스템ㆍ응용 소프트웨어 개발 및 공급업,9년 (2015년 설립),"18억 3,146만원",주식회사,"4,738만원",-,1개,49명,39명,25명/17명
솔닥,시스템ㆍ응용 소프트웨어 개발 및 공급업,6년 (2018년 설립),-,주식회사,"5,008만원",-,1개,17명,37명,2명/16명
산군,포털 및 기타 인터넷 정보 매개 서비스업,5년 (2019년 설립),-,주식회사,"4,308만원",-,1개,8명,8명,2명/1명
뮤직카우,시스템ㆍ응용 소프트웨어 개발 및 공급업,7년 (2017년 설립),"133억 5,267만원",주식회사,"6,032만원",-,1개,66명,115명,33명/44명
비마이프렌즈,시스템ㆍ응용 소프트웨어 개발 및 공급업,3년 (2021년 설립),비공개,주식회사,비공개,https://bemyfriends.com/,1개,비공개,비공개,비공개
인테리어티쳐,전문 디자인업,3년 (2021년 설립),"4억 1,227만원",,"3,905만원",-,1개,44명,,
나인에이엠,그 외 기타 사업 지원 서비스업,5년 (2019년 설립),-,주식회사,"4,989만원",-,1개,7명,12명,3명/8명
지엔터프라이즈,시스템ㆍ응용 소프트웨어 개발 및 공급업,8년 (2016년 설립),"3억 5,263만원",주식회사,"5,531만원",-,1개,45명,73명,21명/44명
크레이지알파카,시스템ㆍ응용 소프트웨어 개발 및 공급업,3년 (2021년 설립),"8,554만원",주식회사,"4,074만원",-,1개,13명,13명,2명/4명
레진엔터테인먼트,시스템ㆍ응용 소프트웨어 개발 및 공급업,11년 (2013년 설립),"613억 4,210만원",주식회사,비공개,https://about.lezhin.com/ko,2개,비공개,비공개,비공개
삼분의일,통신 판매업,7년 (2017년 설립),76억 169만원,,"2,768만원",-,1개,20명,,
위버스컴퍼니,통신 판매업,4년 (2020년 설립),"2,394억 107만원",주식회사,"6,032만원",-,1개,0명,412명,48명/110명
큐빅,시스템ㆍ응용 소프트웨어 개발 및 공급업,1년 (2023년 설립),-,주식회사,"4,562만원",-,1개,4명,13명,6명/11명
빅크,시스템ㆍ응용 소프트웨어 개발 및 공급업,3년 (2021년 설립),-,주식회사,"4,928만원",-,1개,39명,41명,28명/32명
딜리버스,포털 및 기타 인터넷 정보 매개 서비스업,3년 (2021년 설립),-,,"3,959만원",-,2개,23명,,
그리드위즈,"컴퓨터 시스템 통합 자문, 구축 및 관리업",11년 (2013년 설립),"428억 1,617만원",기타 법인,"5,500만원",-,1개,100명,109명,21명/25명
딜러타이어,자동차 신품 부품 및 내장품 판매업,6년 (2018년 설립),-,주식회사,"4,823만원",-,1개,32명,48명,12명/26명
패러다임시프트,시스템ㆍ응용 소프트웨어 개발 및 공급업,2년 (2022년 설립),-,,-,-,1개,2명,,
메디테라피,통신 판매업,7년 (2017년 설립),"338억 4,761만원",주식회사,"4,278만원",-,1개,66명,111명,42명/70명
에이아이트릭스,시스템ㆍ응용 소프트웨어 개발 및 공급업,7년 (2017년 설립),"1,909만원",주식회사,"6,032만원",-,1개,36명,101명,19명/76명
플레어랩스,시스템ㆍ응용 소프트웨어 개발 및 공급업,2년 (2022년 설립),-,,-,-,1개,2명,,
나눔비타민,시스템ㆍ응용 소프트웨어 개발 및 공급업,1년 (2023년 설립),-,주식회사,"1,767만원",-,1개,6명,9명,3명/4명
메이아이,시스템ㆍ응용 소프트웨어 개발 및 공급업,5년 (2019년 설립),"1억 7,111만원",기타 법인,"5,300만원",-,1개,28명,37명,8명/17명
망고부스트,시스템ㆍ응용 소프트웨어 개발 및 공급업,2년 (2022년 설립),-,기타 법인,"5,932만원",-,1개,42명,71명,2명/16명
서린컴퍼니,"의약품, 의료용품 및 화장품 도매업",6년 (2018년 설립),-,주식회사,"4,800만원",-,1개,42명,92명,12명/42명
오아시스비즈니스,시스템ㆍ응용 소프트웨어 개발 및 공급업,5년 (2019년 설립),"2,224만원",주식회사,"5,304만원",-,1개,14명,24명,17명/19명
애기야가자,포털 및 기타 인터넷 정보 매개 서비스업,4년 (2020년 설립),"4억 1,724만원",주식회사,"2,577만원",-,1개,27명,29명,15명/8명
커넥팅더닷츠,"도장, 도배 및 내장 공사업",1년 (2023년 설립),-,주식회사,"4,129만원",-,1개,1명,73명,69명/56명
노써치,시스템ㆍ응용 소프트웨어 개발 및 공급업,4년 (2020년 설립),-,주식회사,"4,539만원",-,1개,19명,21명,9명/7명
알엑스씨,통신 판매업,3년 (2021년 설립),-,,"5,335만원",-,1개,134명,,
핸드허그,그 외 기타 정보 서비스업,6년 (2018년 설립),"68억 2,664만원",주식회사,"3,047만원",www.handhug.kr,1개,141명,54명,170명/82명
휴마트컴퍼니,시스템ㆍ응용 소프트웨어 개발 및 공급업,8년 (2016년 설립),"10억 7,638만원",,"5,852만원",-,1개,6명,,
뷰노,시스템ㆍ응용 소프트웨어 개발 및 공급업,10년 (2014년 설립),"22억 4,788만원",주식회사,"8,090만원",www.vuno.co,1개,148명,151명,34명/38명
페퍼앤솔트,상품 종합 도매업,2년 (2022년 설립),-,주식회사,"5,274만원",-,1개,3명,11명,3명/11명
비링커,1차 금속제품 및 금속광물 도매업,1년 (2023년 설립),-,기타 법인,"3,889만원",-,1개,2명,5명,0명/3명
리클,의복 소매업,4년 (2020년 설립),-,주식회사,"3,236만원",-,1개,72명,72명,119명/105명
메디쿼터스,통신 판매업,7년 (2017년 설립),"648억 7,880만원",주식회사,"4,416만원",-,1개,279명,261명,137명/132명
오토피디아,시스템ㆍ응용 소프트웨어 개발 및 공급업,5년 (2019년 설립),"23억 4,132만원",주식회사,"5,041만원",-,1개,45명,24명,39명/17명
아우토크립트,시스템ㆍ응용 소프트웨어 개발 및 공급업,5년 (2019년 설립),"77억 7,167만원",주식회사,"5,536만원",-,1개,308명,270명,113명/63명
펫닥,그 외 기타 상품 전문 소매업,7년 (2017년 설립),-,주식회사,"4,479만원",-,1개,41명,101명,26명/89명
스마트스코어,그 외 기타 정보 서비스업,10년 (2014년 설립),"427억 9,274만원",주식회사,"4,990만원",-,3개,161명,293명,128명/140명
스튜디오씨드코리아,시스템ㆍ응용 소프트웨어 개발 및 공급업,9년 (2015년 설립),"37억 7,187만원",주식회사,"5,727만원",-,1개,58명,57명,24명/21명
딜리셔스,통신 판매업,11년 (2013년 설립),"179억 8,089만원",주식회사,"5,173만원",-,1개,242명,206명,91명/51명
와그,컴퓨터 프로그래밍 서비스업,9년 (2015년 설립),"6억 2,083만원",주식회사,"4,389만원",-,1개,41명,62명,27명/33명
아파트너,시스템ㆍ응용 소프트웨어 개발 및 공급업,7년 (2017년 설립),30억 616만원,,"2,705만원",-,1개,69명,,
텐핑거스,시스템ㆍ응용 소프트웨어 개발 및 공급업,10년 (2014년 설립),"11억 1,685만원",주식회사,"3,683만원",-,1개,31명,39명,37명/49명
모니모니,시스템ㆍ응용 소프트웨어 개발 및 공급업,4년 (2020년 설립),비공개,,비공개,https://www.monymony.co,1개,13명,,
못난이마켓,시스템ㆍ응용 소프트웨어 개발 및 공급업,2년 (2022년 설립),-,주식회사,"2,622만원",-,1개,1명,5명,3명/4명
콜로세움코퍼레이션,그 외 기타 운송관련 서비스업,5년 (2019년 설립),"21억 3,842만원",주식회사,"4,408만원",-,1개,48명,84명,34명/39명
한국딥러닝,시스템ㆍ응용 소프트웨어 개발 및 공급업,5년 (2019년 설립),-,,비공개,https://www.koreadeep.com,1개,비공개,,
올라운드닥터스,시스템ㆍ응용 소프트웨어 개발 및 공급업,3년 (2021년 설립),-,기타 법인,"5,852만원",-,1개,13명,16명,2명/3명
플로틱,시스템ㆍ응용 소프트웨어 개발 및 공급업,3년 (2021년 설립),-,기타 법인,"5,620만원",-,1개,18명,37명,12명/18명
폴라리스쓰리디,"항공기, 우주선 및 보조장치 제조업",6년 (2018년 설립),-,주식회사,"4,460만원",-,1개,20명,44명,17명/19명
고피자,외국식 음식점업,7년 (2017년 설립),"107억 5,669만원",주식회사,"2,940만원",-,1개,108명,125명,185명/192명
디셈버앤컴퍼니,시스템ㆍ응용 소프트웨어 개발 및 공급업,11년 (2013년 설립),-,주식회사,"5,932만원",http://www.dco.com,1개,100명,50명,20명/10명
다이노즈,포털 및 기타 인터넷 정보 매개 서비스업,2년 (2022년 설립),-,,"2,836만원",-,1개,7명,,
더리얼그룹,상품 중개업,4년 (2020년 설립),-,,"3,219만원",-,1개,4명,,
블루랩스,자연과학 연구개발업,2년 (2022년 설립),-,주식회사,"3,140만원",-,1개,1명,3명,3명/2명
십일리터,통신 판매업,3년 (2021년 설립),-,주식회사,"3,231만원",-,1개,5명,10명,5명/8명
솜씨당컴퍼니,컴퓨터 프로그래밍 서비스업,6년 (2018년 설립),"16억 3,710만원",주식회사,"4,338만원",-,1개,30명,29명,18명/19명
오픈놀,게임 소프트웨어 개발 및 공급업,12년 (2012년 설립),"108억 6,642만원",주식회사,"3,270만원",openknowl.com,1개,105명,143명,72명/85명
브릿지코드,컴퓨터 프로그래밍 서비스업,4년 (2020년 설립),266만원,주식회사,"4,105만원",-,1개,11명,16명,9명/10명
마크비전코리아,시스템ㆍ응용 소프트웨어 개발 및 공급업,4년 (2020년 설립),-,기타 법인,"4,445만원",-,1개,110명,140명,59명/87명
코드박스,시스템ㆍ응용 소프트웨어 개발 및 공급업,7년 (2017년 설립),"4억 5,650만원",주식회사,"4,672만원",-,1개,27명,37명,9명/15명
홀릭스팩토리,게임 소프트웨어 개발 및 공급업,12년 (2012년 설립),-,,"4,371만원",-,1개,17명,,
올라핀테크,시스템ㆍ응용 소프트웨어 개발 및 공급업,4년 (2020년 설립),"10억 4,632만원",주식회사,"4,330만원",-,1개,21명,41명,13명/20명
모라이,공학 연구개발업,6년 (2018년 설립),"20억 4,483만원",기타 법인,"5,252만원",-,1개,86명,162명,40명/94명
푸드팡,통신 판매업,8년 (2016년 설립),"172억 9,660만원",주식회사,"4,157만원",-,1개,98명,66명,44명/19명
프렌들리에이아이,시스템ㆍ응용 소프트웨어 개발 및 공급업,3년 (2021년 설립),-,기타 법인,"5,141만원",-,1개,14명,27명,6명/12명
크라우드웍스,시스템ㆍ응용 소프트웨어 개발 및 공급업,7년 (2017년 설립),"84억 9,281만원",주식회사,"5,073만원",www.crowdworks.kr,1개,169명,180명,237명/223명
와트,시스템ㆍ응용 소프트웨어 개발 및 공급업,3년 (2021년 설립),"2억 8,977만원",기타 법인,"4,795만원",-,1개,11명,16명,6명/6명
차지인,기타 기계 및 장비 도매업,2년 (2022년 설립),-,주식회사,"2,146만원",-,1개,1명,3명,1명/1명
콜라보그라운드,시스템ㆍ응용 소프트웨어 개발 및 공급업,6년 (2018년 설립),"2,626만원",주식회사,"5,546만원",-,1개,11명,11명,4명/4명
키토크에이아이,경영 컨설팅 및 공공 관계 서비스업,10년 (2014년 설립),-,주식회사,"4,609만원",-,1개,89명,29명,13명/16명
루티너리,시스템ㆍ응용 소프트웨어 개발 및 공급업,4년 (2020년 설립),"1억 9,288만원",주식회사,"4,233만원",-,1개,6명,8명,4명/4명
구름,시스템ㆍ응용 소프트웨어 개발 및 공급업,11년 (2013년 설립),"30억 3,402만원",주식회사,"4,401만원",-,1개,104명,140명,53명/86명
호갱노노,,,,,,,,,,
헤메코,"의약품, 의료용품 및 화장품 도매업",2년 (2022년 설립),-,주식회사,"3,201만원",-,1개,12명,26명,2명/12명
플랙스뉴럴랩스,통신 판매업,4년 (2020년 설립),-,주식회사,"4,024만원",-,1개,7명,14명,7명/4명
티르티르,"의약품, 의료용품 및 화장품 도매업",5년 (2019년 설립),"465억 6,086만원",주식회사,"4,486만원",-,1개,103명,139명,74명/101명
엠에이치지,경영 컨설팅 및 공공 관계 서비스업,4년 (2020년 설립),-,주식회사,"3,731만원",-,1개,40명,13명,32명/11명
투슬래시포,"의약품, 의료용품 및 화장품 도매업",2년 (2022년 설립),-,주식회사,"5,158만원",-,1개,1명,6명,1명/3명
티엠알파운더스,통신 판매업,2년 (2022년 설립),-,주식회사,"4,559만원",-,1개,4명,17명,5명/14명
로보아르테,가전제품 소매업,6년 (2018년 설립),4억 927만원,주식회사,"3,666만원",-,1개,31명,18명,27명/12명
바바그라운드,여행사업,4년 (2020년 설립),-,,"3,552만원",-,1개,3명,,
리얼드로우,컴퓨터 프로그래밍 서비스업,1년 (2023년 설립),비공개,기타 법인,비공개,realdraw.ai,1개,비공개,비공개,비공개
올림플래닛,,,,,,,,,,
센디,시스템ㆍ응용 소프트웨어 개발 및 공급업,11년 (2013년 설립),"39억 1,649만원",주식회사,"4,813만원",-,1개,35명,43명,6명/10명
클레온,시스템ㆍ응용 소프트웨어 개발 및 공급업,4년 (2020년 설립),"3억 7,210만원",주식회사,"5,406만원",-,1개,46명,32명,27명/18명
수퍼게이트,전자집적회로 제조업,5년 (2019년 설립),"64억 4,231만원",기타 법인,"5,320만원",-,1개,45명,61명,7명/21명
렛서,시스템ㆍ응용 소프트웨어 개발 및 공급업,0년 (2024년 설립),-,주식회사,"4,754만원",-,1개,10명,23명,4명/13명
바리코퍼레이션,시스템ㆍ응용 소프트웨어 개발 및 공급업,4년 (2020년 설립),-,주식회사,"4,749만원",https://www.reitwagen.co.kr/,1개,18명,13명,18명/10명
애즈위메이크,시스템ㆍ응용 소프트웨어 개발 및 공급업,5년 (2019년 설립),-,,"4,343만원",-,1개,10명,,
플래튼,그 외 기타 정보 서비스업,3년 (2021년 설립),-,주식회사,"5,829만원",-,1개,19명,35명,14명/27명
이모코그,컴퓨터 프로그래밍 서비스업,3년 (2021년 설립),-,기타 법인,"5,476만원",-,1개,23명,31명,13명/12명
더자람컴퍼니,교육 지원 서비스업,3년 (2021년 설립),"3억 2,200만원",,"3,257만원",-,1개,7명,,
로완,시스템ㆍ응용 소프트웨어 개발 및 공급업,7년 (2017년 설립),"2억 3,741만원",,"4,641만원",-,1개,34명,,
파운트,그 외 기타 정보 서비스업,9년 (2015년 설립),"13억 2,293만원",기타 법인,"4,518만원",-,1개,40명,42명,29명/18명
잡코리아,그 외 기타 정보 서비스업,28년 (1996년 설립),-,유한책임회사,"6,032만원",jobkorea.co.kr,1개,18명,458명,142명/98명
두물머리,그 외 기타 정보 서비스업,9년 (2015년 설립),"2억 3,874만원",주식회사,"5,852만원",-,1개,14명,12명,0명/0명
놀이의발견,통신 판매업,4년 (2020년 설립),"6억 2,313만원",주식회사,"4,439만원",-,1개,53명,51명,50명/46명
메이크보그,통신 판매업,3년 (2021년 설립),-,주식회사,"3,332만원",-,1개,6명,11명,1명/4명
하이컨시,일반 교습학원,7년 (2017년 설립),"1,838억 9,204만원",주식회사,"3,876만원",-,1개,292명,720명,146명/428명
세이프닥,그 외 기타 정보 서비스업,6년 (2018년 설립),-,주식회사,"4,693만원",-,1개,15명,23명,14명/20명
블랙키위,그 외 기타 정보 서비스업,0년 (2024년 설립),-,,"5,162만원",-,1개,1명,,
보령바이오파마,-,29년 (1995년 설립),"1,391억 3,278만원",주식회사,"5,549만원",-,1개,248명,269명,59명/83명
스텝하우,시스템ㆍ응용 소프트웨어 개발 및 공급업,0년 (2024년 설립),-,주식회사,"2,393만원",-,1개,1명,5명,1명/2명
페이워치코리아,통신 판매업,6년 (2018년 설립),79만원,주식회사,"5,551만원",-,1개,21명,25명,3명/7명
에이지프리,시스템ㆍ응용 소프트웨어 개발 및 공급업,0년 (2024년 설립),-,,"4,139만원",-,1개,1명,,
포페런츠,,,,,,,,,,
인이지,법무관련 서비스업,16년 (2008년 설립),-,기타 법인,"4,199만원",-,1개,24명,33명,5명/13명
고수플러스,시스템ㆍ응용 소프트웨어 개발 및 공급업,3년 (2021년 설립),-,,-,-,1개,11명,,
데이오프컴퍼니,시스템ㆍ응용 소프트웨어 개발 및 공급업,2년 (2022년 설립),-,주식회사,"5,377만원",-,1개,5명,9명,3명/7명
퍼즐벤처스,시스템ㆍ응용 소프트웨어 개발 및 공급업,8년 (2016년 설립),"2억 4,038만원",주식회사,"4,243만원",-,1개,17명,19명,1명/0명
위메프,통신 판매업,4년 (2020년 설립),-,,"2,679만원",-,1개,35명,,
퀀팃,시스템ㆍ응용 소프트웨어 개발 및 공급업,5년 (2019년 설립),"8억 4,519만원",주식회사,"5,784만원",-,1개,53명,61명,22명/34명
이오스튜디오,"영화, 비디오물 및 방송 프로그램 제작업",4년 (2020년 설립),-,주식회사,"4,485만원",-,1개,16명,22명,12명/10명
이마고웍스,시스템ㆍ응용 소프트웨어 개발 및 공급업,5년 (2019년 설립),"18억 7,426만원",주식회사,"5,154만원",https://www.dentbird.com/,1개,77명,95명,9명/20명
오픈엣지테크놀로지,엔지니어링 서비스업,7년 (2017년 설립),"51억 8,586만원",주식회사,"10,864만원",www.openedges.com,1개,68명,95명,19명/28명
큐리어슬리,포털 및 기타 인터넷 정보 매개 서비스업,12년 (2012년 설립),"51억 7,108만원",주식회사,"4,375만원",-,1개,55명,49명,13명/13명
모노랩스,시스템ㆍ응용 소프트웨어 개발 및 공급업,6년 (2018년 설립),"16억 8,244만원",주식회사,"5,026만원",-,1개,35명,28명,6명/2명
퓨처커넥트,외국식 음식점업,1년 (2023년 설립),-,주식회사,"4,323만원",-,4개,6명,13명,12명/5명
같다,시스템ㆍ응용 소프트웨어 개발 및 공급업,6년 (2018년 설립),"5억 8,185만원",주식회사,"4,091만원",-,1개,17명,13명,12명/3명
천명앤컴퍼니,포털 및 기타 인터넷 정보 매개 서비스업,5년 (2019년 설립),"13억 8,987만원",주식회사,"5,882만원",-,1개,21명,25명,6명/1명
타이드스퀘어,기타 여행 보조 및 예약 서비스업,14년 (2010년 설립),"92억 9,563만원",주식회사,"5,132만원",-,1개,403명,435명,114명/149명
모두닥,포털 및 기타 인터넷 정보 매개 서비스업,6년 (2018년 설립),"1억 4,989만원",주식회사,"4,799만원",-,1개,16명,16명,4명/2명
업라이즈,시스템ㆍ응용 소프트웨어 개발 및 공급업,6년 (2018년 설립),"217억 9,170만원",주식회사,"5,870만원",-,1개,43명,68명,58명/15명
멋쟁이사자처럼,일반 교습학원,6년 (2018년 설립),"60억 9,470만원",주식회사,비공개,https://likelion.career.greetinghr.com/,1개,비공개,비공개,비공개
큐피스트,시스템ㆍ응용 소프트웨어 개발 및 공급업,7년 (2017년 설립),"112억 7,107만원",주식회사,"5,329만원",-,1개,45명,36명,25명/27명
옴니어스,포털 및 기타 인터넷 정보 매개 서비스업,9년 (2015년 설립),"18억 6,382만원",,"5,882만원",-,1개,54명,,
패스트파이브,"도장, 도배 및 내장 공사업",3년 (2021년 설립),"827억 9,101만원",주식회사,"5,033만원",-,1개,16명,263명,109명/83명
케이뱅크,그 외 기타 금융업,8년 (2016년 설립),-,주식회사,"7,873만원",www.kbanknow.com,1개,521명,581명,79명/147명
마이플레이컴퍼니,포털 및 기타 인터넷 정보 매개 서비스업,8년 (2016년 설립),"39억 7,610만원",주식회사,"4,591만원",-,1개,28명,44명,8명/15명
비모뉴먼트,식료품 소매업,8년 (2016년 설립),"692억 4,662만원",주식회사,"4,791만원",-,1개,72명,113명,3명/14명
미로,그 외 기타 정보 서비스업,6년 (2018년 설립),"15억 8,996만원",주식회사,"4,694만원",-,1개,9명,9명,5명/3명
테이블링,시스템ㆍ응용 소프트웨어 개발 및 공급업,8년 (2016년 설립),"2억 3,911만원",주식회사,"4,614만원",-,1개,64명,89명,22명/35명
쑥쑥컴퍼니,"세제, 화장품 및 광택제 제조업",2년 (2022년 설립),-,주식회사,"3,677만원",-,1개,11명,24명,17명/29명
텔레픽스,공학 연구개발업,5년 (2019년 설립),"12억 1,742만원",기타 법인,"5,379만원",https://telepix.net/,1개,45명,70명,31명/47명
매쓰홀릭,시스템ㆍ응용 소프트웨어 개발 및 공급업,13년 (2011년 설립),"69억 5,189만원",주식회사,"5,091만원",-,1개,43명,57명,15명/19명
펫봄,그 외 기타 정보 서비스업,3년 (2021년 설립),-,주식회사,"3,747만원",-,1개,2명,5명,0명/0명
스켈터랩스,시스템ㆍ응용 소프트웨어 개발 및 공급업,8년 (2016년 설립),"15억 2,402만원",기타 법인,"5,882만원",-,1개,47명,43명,18명/11명
시나몬,기타 정보 기술 및 컴퓨터 운영 관련 서비스업,9년 (2015년 설립),"71억 6,736만원",주식회사,"5,677만원",-,1개,71명,65명,29명/39명
시놀,시스템ㆍ응용 소프트웨어 개발 및 공급업,1년 (2023년 설립),-,주식회사,"2,543만원",-,1개,4명,6명,6명/4명
와이즈에이아이,시스템ㆍ응용 소프트웨어 개발 및 공급업,4년 (2020년 설립),"8억 2,183만원",주식회사,"4,695만원",-,2개,38명,64명,13명/35명
랜식,시스템ㆍ응용 소프트웨어 개발 및 공급업,2년 (2022년 설립),-,기타 법인,"3,218만원",-,1개,2명,3명,0명/0명
그린리본,그 외 기타 정보 서비스업,4년 (2020년 설립),-,,"4,236만원",-,1개,21명,,
어니스트에이아이,통신 판매업,9년 (2015년 설립),"78억 6,482만원",주식회사,"5,685만원",-,1개,58명,42명,5명/5명
에니아이,공학 연구개발업,4년 (2020년 설립),-,기타 법인,"4,562만원",-,1개,23명,43명,11명/27명
제제미미,시스템ㆍ응용 소프트웨어 개발 및 공급업,4년 (2020년 설립),"4,407만원",,"3,483만원",-,1개,10명,,
코워크위더스,고용 알선업,4년 (2020년 설립),-,주식회사,"3,623만원",-,1개,2명,7명,3명/6명
코드넛,,,,,,,,,,
토스뱅크,일반은행,4년 (2020년 설립),-,기타 법인,"6,032만원",-,1개,456명,596명,80명/213명
백퍼센트,재생용 재료 및 기타 상품 전문 도매업,5년 (2019년 설립),-,,"4,123만원",-,1개,25명,,
플필,그 외 기타 정보 서비스업,2년 (2022년 설립),-,주식회사,"3,460만원",-,1개,7명,11명,7명/9명
뉴빌리티,시스템ㆍ응용 소프트웨어 개발 및 공급업,7년 (2017년 설립),"1억 8,768만원",주식회사,"4,550만원",https://www.neubility.co.kr/,1개,84명,121명,59명/80명
내이루리,,,,,,,,,,
하이퍼라운지,그 외 기타 정보 서비스업,2년 (2022년 설립),-,주식회사,"5,113만원",-,1개,0명,37명,61명/50명
엘알에이치알,상품 중개업,3년 (2021년 설립),-,,"3,510만원",-,1개,8명,,
에스엘디티,시스템ㆍ응용 소프트웨어 개발 및 공급업,17년 (2007년 설립),"16억 2,576만원",주식회사,"5,078만원",-,1개,143명,129명,104명/106명
몬드리안에이아이,"컴퓨터 시스템 통합 자문, 구축 및 관리업",6년 (2018년 설립),18억 201만원,주식회사,"4,304만원",-,1개,25명,32명,12명/8명
매드업,시스템ㆍ응용 소프트웨어 개발 및 공급업,9년 (2015년 설립),"192억 9,807만원",주식회사,"4,652만원",-,1개,291명,302명,121명/177명
해피문데이,통신 판매업,6년 (2018년 설립),비공개,주식회사,비공개,happymoonday.com,1개,비공개,비공개,비공개
슈퍼메이커즈,식료품 소매업,0년 (2024년 설립),"140억 1,558만원",주식회사,"3,137만원",-,1개,264명,208명,119명/82명
메이크스타,"영화, 비디오물 및 방송 프로그램 제작업",1년 (2023년 설립),"297억 2,682만원",주식회사,"3,721만원",-,1개,0명,140명,64명/101명
카카오뱅크,일반은행,8년 (2016년 설립),-,주식회사,"10,236만원",-,1개,"1,490명","1,586명",214명/291명
서북,"영화, 비디오물 및 방송 프로그램 제작업",4년 (2020년 설립),-,주식회사,"3,662만원",-,1개,63명,118명,46명/94명
브이원씨,신탁업 및 집합 투자업,2년 (2022년 설립),-,주식회사,"5,852만원",-,1개,3명,9명,7명/5명
이상한마케팅,광고 대행업,6년 (2018년 설립),비공개,주식회사,비공개,https://isanghan.co.kr/,1개,42명,56명,40명/11명
팔로,시스템ㆍ응용 소프트웨어 개발 및 공급업,4년 (2020년 설립),-,주식회사,"4,871만원",-,1개,8명,8명,3명/4명
그룹바이에이치알,포털 및 기타 인터넷 정보 매개 서비스업,2년 (2022년 설립),-,기타 법인,"3,465만원",-,1개,8명,14명,2명/8명
호두랩스,시스템ㆍ응용 소프트웨어 개발 및 공급업,5년 (2019년 설립),"51억 2,113만원",주식회사,"4,407만원",-,1개,65명,37명,17명/15명
홈즈컴퍼니,"컴퓨터 시스템 통합 자문, 구축 및 관리업",9년 (2015년 설립),-,주식회사,"5,711만원",-,1개,29명,36명,22명/25명
소테리아,시스템ㆍ응용 소프트웨어 개발 및 공급업,6년 (2018년 설립),-,,"5,727만원",-,1개,2명,,
키노라이츠,그 외 기타 정보 서비스업,6년 (2018년 설립),"2억 5,393만원",,"3,719만원",-,1개,27명,,
세일즈맵,시스템ㆍ응용 소프트웨어 개발 및 공급업,1년 (2023년 설립),-,,-,-,1개,2명,,
루센트블록,시스템ㆍ응용 소프트웨어 개발 및 공급업,6년 (2018년 설립),"9,000만원",기타 법인,"5,012만원",-,1개,43명,34명,24명/16명
파블로항공,공학 연구개발업,6년 (2018년 설립),9억 4만원,주식회사,"4,808만원",-,1개,25명,146명,32명/57명
오토노머스에이투지,엔지니어링 서비스업,6년 (2018년 설립),"52억 8,964만원",기타 법인,"5,083만원",-,1개,128명,153명,27명/58명
뽀득,통신 판매업,7년 (2017년 설립),"31억 4,756만원",기타 법인,"3,454만원",-,1개,213명,182명,125명/125명
보나캠프,시스템ㆍ응용 소프트웨어 개발 및 공급업,24년 (2000년 설립),"57억 7,621만원",주식회사,"4,327만원",-,1개,57명,85명,38명/49명
블루시그넘,시스템ㆍ응용 소프트웨어 개발 및 공급업,3년 (2021년 설립),-,,"3,217만원",https://bluesignum2023.career.greetinghr.com/,1개,7명,,
애디터,시스템ㆍ응용 소프트웨어 개발 및 공급업,6년 (2018년 설립),-,,"4,592만원",-,1개,4명,,
미스터멘션,기타 여행 보조 및 예약 서비스업,8년 (2016년 설립),"20억 5,869만원",주식회사,"3,814만원",-,1개,44명,14명,36명/12명
온택트헬스,시스템ㆍ응용 소프트웨어 개발 및 공급업,3년 (2021년 설립),"6억 3,329만원",기타 법인,"5,200만원",-,1개,42명,74명,34명/45명
아워스페이스,시스템ㆍ응용 소프트웨어 개발 및 공급업,3년 (2021년 설립),-,,"5,223만원",-,1개,3명,,
제트에이아이,시스템ㆍ응용 소프트웨어 개발 및 공급업,3년 (2021년 설립),-,주식회사,"4,818만원",-,1개,12명,17명,6명/9명
해치랩스,시스템ㆍ응용 소프트웨어 개발 및 공급업,6년 (2018년 설립),38억 806만원,기타 법인,"5,852만원",-,1개,40명,19명,45명/9명
포티투닷,시스템ㆍ응용 소프트웨어 개발 및 공급업,5년 (2019년 설립),4억 203만원,주식회사,"6,032만원",-,1개,413명,588명,140명/301명
태그바이컴퍼니,포털 및 기타 인터넷 정보 매개 서비스업,8년 (2016년 설립),"48억 1,239만원",주식회사,"3,375만원",-,1개,38명,50명,27명/28명
비브리지,그 외 기타 정보 서비스업,4년 (2020년 설립),-,,"4,570만원",-,1개,9명,,
한국프롭테크,그 외 기타 협회 및 단체,5년 (2019년 설립),-,기타 법인,"3,691만원",-,1개,5명,6명,4명/3명
피플벤처스,그 외 기타 정보 서비스업,10년 (2014년 설립),"192억 8,422만원",주식회사,"4,160만원",-,1개,43명,43명,24명/23명
아티피셜소사이어티,시스템ㆍ응용 소프트웨어 개발 및 공급업,3년 (2021년 설립),-,주식회사,"4,655만원",-,1개,10명,10명,2명/1명
히츠,통신 판매업,7년 (2017년 설립),104억 11만원,주식회사,"3,987만원",-,1개,32명,38명,14명/23명
피클플러스,컴퓨터 프로그래밍 서비스업,4년 (2020년 설립),-,주식회사,"5,222만원",-,1개,5명,30명,7명/18명
꾸까,그 외 기타 상품 전문 소매업,10년 (2014년 설립),"98억 2,831만원",주식회사,"2,862만원",-,1개,114명,76명,67명/67명
씨엠아이파트너스,의복 소매업,9년 (2015년 설립),"62억 1,101만원",주식회사,"5,013만원",https://moomooz.co.kr/,1개,72명,32명,3명/5명
넥스트유니콘,,,,,,,,,,
크래프트테크놀로지스,시스템ㆍ응용 소프트웨어 개발 및 공급업,8년 (2016년 설립),23억 770만원,기타 법인,"5,576만원",-,1개,65명,85명,28명/40명
담화컴퍼니,통신 판매업,5년 (2019년 설립),"9억 1,556만원",,"4,153만원",-,1개,27명,,
애쓰지마,시스템ㆍ응용 소프트웨어 개발 및 공급업,4년 (2020년 설립),-,주식회사,"2,489만원",-,1개,10명,14명,14명/3명
위대한상상,통신 판매업,13년 (2011년 설립),-,주식회사,"5,585만원",-,1개,"1,360명","1,061명",504명/148명
드림어스컴퍼니,시스템ㆍ응용 소프트웨어 개발 및 공급업,25년 (1999년 설립),"2,396억 1,661만원",주식회사,"5,652만원",dreamuscompany.com,1개,341명,325명,73명/63명
더블엔씨,포털 및 기타 인터넷 정보 매개 서비스업,5년 (2019년 설립),"178억 9,975만원",주식회사,"4,234만원",-,2개,27명,29명,5명/9명
인포그린,그 외 기타 정보 서비스업,6년 (2018년 설립),-,주식회사,"3,286만원",-,1개,7명,10명,1명/2명
클래스유,시스템ㆍ응용 소프트웨어 개발 및 공급업,8년 (2016년 설립),-,주식회사,"4,345만원",-,1개,50명,32명,35명/24명
미트박스글로벌,식료품 소매업,10년 (2014년 설립),"317억 4,225만원",주식회사,"5,656만원",-,1개,75명,94명,31명/44명
버즈니,시스템ㆍ응용 소프트웨어 개발 및 공급업,16년 (2008년 설립),"82억 6,480만원",주식회사,"5,932만원",-,1개,84명,65명,10명/16명
디앤씨미디어,서적 출판업,12년 (2012년 설립),"255억 7,299만원",주식회사,"3,176만원",www.dncmedia.co.kr,2개,49명,100명,25명/80명
위버스마인드,시스템ㆍ응용 소프트웨어 개발 및 공급업,15년 (2009년 설립),"560억 7,368만원",주식회사,"4,069만원",-,1개,74명,88명,38명/47명
네이버,여행사업,3년 (2021년 설립),-,주식회사,"5,043만원",-,1개,15명,41명,6명/20명
로민,시스템ㆍ응용 소프트웨어 개발 및 공급업,2년 (2022년 설립),"9억 6,010만원",주식회사,"5,313만원",-,1개,34명,48명,11명/29명
히든뉴스,시스템ㆍ응용 소프트웨어 개발 및 공급업,4년 (2020년 설립),-,주식회사,"4,879만원",-,1개,2명,3명,1명/1명
하이브아이엠,게임 소프트웨어 개발 및 공급업,2년 (2022년 설립),-,주식회사,"6,032만원",-,1개,94명,256명,29명/102명
만월경,기타 무점포 소매업,3년 (2021년 설립),-,주식회사,"3,711만원",-,1개,3명,49명,25명/51명
에스오에스랩,공학 연구개발업,8년 (2016년 설립),"11억 4,795만원",기타 법인,"5,742만원",-,2개,64명,87명,15명/36명
임팩티브에이아이,경영 컨설팅 및 공공 관계 서비스업,3년 (2021년 설립),비공개,기타 법인,비공개,-,1개,비공개,비공개,비공개
카페24,시스템ㆍ응용 소프트웨어 개발 및 공급업,25년 (1999년 설립),"1,952억 4,858만원",주식회사,"7,108만원",www.cafe24.com,1개,"1,184명","1,011명",166명/47명
오케스트로,시스템ㆍ응용 소프트웨어 개발 및 공급업,6년 (2018년 설립),"135억 9,122만원",기타 법인,"4,890만원",-,1개,299명,496명,172명/353명
매스어답션,포털 및 기타 인터넷 정보 매개 서비스업,3년 (2021년 설립),비공개,주식회사,비공개,https://vircle.co.kr,1개,비공개,비공개,비공개
그레이박스,시스템ㆍ응용 소프트웨어 개발 및 공급업,1년 (2023년 설립),-,,-,-,1개,3명,,
신스타프리젠츠,기타 기계 및 장비 도매업,5년 (2019년 설립),-,기타 법인,"4,949만원",-,1개,18명,20명,9명/10명
산타,시스템ㆍ응용 소프트웨어 개발 및 공급업,10년 (2014년 설립),"52억 9,060만원",주식회사,"5,515만원",-,1개,135명,61명,106명/34명
이큐브랩,그 외 기타 금속 가공제품 제조업,13년 (2011년 설립),"16억 3,146만원",주식회사,"4,092만원",-,2개,45명,43명,42명/38명
세나클소프트,시스템ㆍ응용 소프트웨어 개발 및 공급업,5년 (2019년 설립),비공개,주식회사,비공개,https://www.cenacle.com,1개,비공개,비공개,비공개
엠지알브이,부동산 관리업,6년 (2018년 설립),"32억 1,425만원",주식회사,"5,386만원",-,1개,68명,77명,48명/36명
라이드,시스템ㆍ응용 소프트웨어 개발 및 공급업,12년 (2012년 설립),"796억 1,015만원",주식회사,"8,666만원",https://nbt.com/,1개,63명,74명,25명/28명
플라잎,시스템ㆍ응용 소프트웨어 개발 및 공급업,4년 (2020년 설립),"9,043만원",기타 법인,"5,852만원",-,1개,6명,22명,10명/13명
보살핌,기타 비거주 복지 서비스업,3년 (2021년 설립),-,주식회사,"5,002만원",-,1개,10명,9명,8명/5명
아데나소프트웨어,시스템ㆍ응용 소프트웨어 개발 및 공급업,8년 (2016년 설립),"239억 3,640만원",기타 법인,"5,208만원",-,1개,102명,130명,17명/28명
휴레이포지티브,시스템ㆍ응용 소프트웨어 개발 및 공급업,14년 (2010년 설립),35억 650만원,주식회사,"5,309만원",-,2개,116명,97명,49명/41명
씨그로,시스템ㆍ응용 소프트웨어 개발 및 공급업,3년 (2021년 설립),-,,"3,971만원",-,1개,16명,,
코코지,"음반 및 비디오물, 악기, 오락 및 경기용품 도매업",4년 (2020년 설립),비공개,주식회사,비공개,https://www.kokozi.house/index.html,1개,비공개,비공개,비공개
바이포엠스튜디오,광고 대행업,7년 (2017년 설립),-,주식회사,"4,561만원",-,2개,59명,44명,30명/20명
우주문방구,시스템ㆍ응용 소프트웨어 개발 및 공급업,3년 (2021년 설립),-,주식회사,"4,920만원",-,1개,13명,7명,9명/2명
룩코,시스템ㆍ응용 소프트웨어 개발 및 공급업,4년 (2020년 설립),"2,700만원",주식회사,"3,892만원",-,1개,28명,23명,20명/14명
메타크래프트,그 외 기타 정보 서비스업,3년 (2021년 설립),"226억 9,509만원",주식회사,"3,808만원",https://we.novelpia.com/,1개,128명,82명,73명/20명
펄핏,시스템ㆍ응용 소프트웨어 개발 및 공급업,7년 (2017년 설립),"4억 6,580만원",,"5,690만원",-,1개,27명,,
지지큐컴퍼니,시스템ㆍ응용 소프트웨어 개발 및 공급업,5년 (2019년 설립),-,주식회사,"5,269만원",https://company.ggq.gg/,1개,37명,28명,25명/16명
와이어트,시스템ㆍ응용 소프트웨어 개발 및 공급업,24년 (2000년 설립),"624억 4,611만원",주식회사,"4,829만원",-,1개,169명,215명,63명/119명
엔씽,시스템ㆍ응용 소프트웨어 개발 및 공급업,10년 (2014년 설립),"5억 7,228만원",,"4,016만원",-,1개,64명,,
단비교육,일반 교습학원,8년 (2016년 설립),"933억 5,734만원",주식회사,"4,388만원",-,1개,223명,355명,92명/159명
플리더스,그 외 기타 정보 서비스업,2년 (2022년 설립),-,,-,-,1개,7명,,
비나우,통신 판매업,3년 (2021년 설립),-,,-,-,1개,5명,,
캐스팅엔,그 외 기타 정보 서비스업,9년 (2015년 설립),"21억 7,825만원",주식회사,"4,848만원",-,1개,15명,28명,13명/22명
스탠다드에너지,일차전지 및 축전지 제조업,11년 (2013년 설립),1억 384만원,기타 법인,"5,029만원",-,1개,107명,173명,72명/89명
브이투브이,소화물 전문 운송업,3년 (2021년 설립),-,기타 법인,"4,768만원",-,1개,96명,54명,69명/34명
사이오닉에이아이,시스템ㆍ응용 소프트웨어 개발 및 공급업,1년 (2023년 설립),-,기타 법인,"5,359만원",-,1개,5명,20명,4명/22명
알리콘,,,,,,,,,,
체커,시스템ㆍ응용 소프트웨어 개발 및 공급업,7년 (2017년 설립),37억 600만원,주식회사,"5,932만원",www.querypie.com,1개,69명,93명,4명/7명
뉴로핏,시스템ㆍ응용 소프트웨어 개발 및 공급업,8년 (2016년 설립),"1억 1,888만원",기타 법인,"6,032만원",https://www.neurophet.com/,1개,81명,129명,27명/67명
스포트라이트글로벌,포털 및 기타 인터넷 정보 매개 서비스업,1년 (2023년 설립),-,기타 법인,"3,084만원",-,1개,1명,6명,1명/5명
도르코퍼레이션,포털 및 기타 인터넷 정보 매개 서비스업,2년 (2022년 설립),-,기타 법인,"4,721만원",-,1개,4명,5명,2명/1명
렌트리,시스템ㆍ응용 소프트웨어 개발 및 공급업,2년 (2022년 설립),-,주식회사,"4,932만원",-,1개,4명,17명,5명/15명
여기우리,시스템ㆍ응용 소프트웨어 개발 및 공급업,2년 (2022년 설립),-,,"2,038만원",-,1개,8명,,
누트컴퍼니,시스템ㆍ응용 소프트웨어 개발 및 공급업,6년 (2018년 설립),"9,137만원",주식회사,"5,376만원",www.webudding.com,1개,13명,20명,6명/12명
세이지리서치,시스템ㆍ응용 소프트웨어 개발 및 공급업,6년 (2018년 설립),"23억 2,208만원",기타 법인,"5,932만원",-,1개,48명,54명,8명/10명
바카티오,시스템ㆍ응용 소프트웨어 개발 및 공급업,2년 (2022년 설립),-,주식회사,"2,800만원",-,1개,5명,7명,8명/8명
디버,시스템ㆍ응용 소프트웨어 개발 및 공급업,24년 (2000년 설립),"383억 7,416만원",주식회사,"3,715만원",www.samg.net,1개,302명,301명,118명/98명
알앤원,시스템ㆍ응용 소프트웨어 개발 및 공급업,3년 (2021년 설립),-,주식회사,"3,222만원",-,1개,12명,10명,18명/14명
킥더허들,-,6년 (2018년 설립),"90억 7,540만원",주식회사,"3,912만원",www.kthd.co.kr,1개,126명,113명,81명/59명
스토어링크,시스템ㆍ응용 소프트웨어 개발 및 공급업,4년 (2020년 설립),-,주식회사,"3,932만원",-,1개,67명,69명,31명/32명
오오칠팔구,시스템ㆍ응용 소프트웨어 개발 및 공급업,2년 (2022년 설립),-,,"2,115만원",-,1개,4명,,
정션메드,시스템ㆍ응용 소프트웨어 개발 및 공급업,2년 (2022년 설립),-,주식회사,"2,933만원",-,1개,3명,6명,1명/5명
일만백만,시스템ㆍ응용 소프트웨어 개발 및 공급업,2년 (2022년 설립),-,기타 법인,"3,841만원",-,1개,11명,28명,9명/25명
트레드링스,시스템ㆍ응용 소프트웨어 개발 및 공급업,9년 (2015년 설립),"8억 4,943만원",주식회사,"5,932만원",https://www.tradlinx.com,1개,28명,50명,12명/17명
팀모노리스,시스템ㆍ응용 소프트웨어 개발 및 공급업,2년 (2022년 설립),-,주식회사,"4,149만원",-,1개,7명,19명,3명/11명
퓨쳐스콜레,시스템ㆍ응용 소프트웨어 개발 및 공급업,5년 (2019년 설립),"6억 5,073만원",주식회사,"5,464만원",-,1개,19명,24명,4명/8명
스페이스오디티,광고 대행업,7년 (2017년 설립),"26억 7,184만원",주식회사,"5,121만원",-,1개,24명,23명,20명/17명
커넥트웨이브,시스템ㆍ응용 소프트웨어 개발 및 공급업,22년 (2002년 설립),-,주식회사,"3,138만원",www.danawa.com,3개,826명,696명,205명/564명
마음에이아이,기타 정보 기술 및 컴퓨터 운영 관련 서비스업,10년 (2014년 설립),-,주식회사,"6,607만원",maum.ai,1개,129명,152명,70명/111명
액션파워,게임 소프트웨어 개발 및 공급업,8년 (2016년 설립),비공개,주식회사,비공개,-,1개,비공개,비공개,비공개
오이스터에이블,시스템ㆍ응용 소프트웨어 개발 및 공급업,5년 (2019년 설립),"14억 5,404만원",주식회사,"4,301만원",-,1개,28명,24명,18명/10명
셀러허브,그 외 기타 정보 서비스업,12년 (2012년 설립),120억 313만원,주식회사,"4,719만원",-,1개,57명,84명,29명/56명
스마일벤처스,상품 종합 도매업,7년 (2017년 설립),45억 511만원,,"3,675만원",-,1개,55명,,
리턴제로,시스템ㆍ응용 소프트웨어 개발 및 공급업,6년 (2018년 설립),"1억 4,428만원",주식회사,"4,787만원",-,1개,34명,35명,13명/20명
집닥,그 외 기타 정보 서비스업,9년 (2015년 설립),"60억 7,684만원",,"4,544만원",-,2개,68명,,
하이브,통신 판매업,4년 (2020년 설립),"2,394억 107만원",주식회사,"6,032만원",-,1개,0명,412명,48명/110명
더브이씨,그 외 기타 정보 서비스업,8년 (2016년 설립),"1억 8,702만원",주식회사,"5,060만원",-,1개,5명,11명,4명/4명
유비스랩,시스템ㆍ응용 소프트웨어 개발 및 공급업,5년 (2019년 설립),-,주식회사,"3,131만원",-,1개,7명,8명,7명/5명
펫피플,그 외 기타 정보 서비스업,7년 (2017년 설립),"11억 6,510만원",,"3,740만원",-,1개,10명,,
메이크어스,컴퓨터 프로그래밍 서비스업,10년 (2014년 설립),"99억 7,593만원",주식회사,"4,779만원",-,2개,49명,37명,22명/14명
